#
# There is insufficient memory for the Java Runtime Environment to continue.
# Native memory allocation (mmap) failed to map 65536 bytes. Error detail: Failed to commit metaspace.
# Possible reasons:
#   The system is out of physical RAM or swap space
#   This process is running with CompressedOops enabled, and the Java Heap may be blocking the growth of the native heap
# Possible solutions:
#   Reduce memory load on the system
#   Increase physical memory or swap space
#   Check if swap backing store is full
#   Decrease Java heap size (-Xmx/-Xms)
#   Decrease number of Java threads
#   Decrease Java thread stack sizes (-Xss)
#   Set larger code cache with -XX:ReservedCodeCacheSize=
#   JVM is running with Unscaled Compressed Oops mode in which the Java heap is
#     placed in the first 4GB address space. The Java Heap base address is the
#     maximum limit for the native heap growth. Please use -XX:HeapBaseMinAddress
#     to set the Java Heap base and to place the Java Heap above 4GB virtual address.
# This output file may be truncated or incomplete.
#
#  Out of Memory Error (virtualSpaceNode.cpp:113), pid=22996, tid=29264
#
# JRE version: Java(TM) SE Runtime Environment (23.0.2+7) (build 23.0.2+7-58)
# Java VM: Java HotSpot(TM) 64-Bit Server VM (23.0.2+7-58, mixed mode, sharing, tiered, compressed oops, compressed class ptrs, g1 gc, windows-amd64)
# No core dump will be written. Minidumps are not enabled by default on client versions of Windows
#

---------------  S U M M A R Y ------------

Command Line: --enable-native-access=ALL-UNNAMED -Dclassworlds.conf=C:\Program Files\Maven\bin\m2.conf -Dmaven.home=C:\Program Files\Maven -Dlibrary.jansi.path=C:\Program Files\Maven\lib\jansi-native -Dmaven.multiModuleProjectDirectory=D:\Rishi\gridweaver_project\backend org.codehaus.plexus.classworlds.launcher.Launcher spring-boot:run

Host: Intel(R) Core(TM) i3-1005G1 CPU @ 1.20GHz, 4 cores, 3G,  Windows 11 , 64 bit Build 26100 (10.0.26100.8875)
Time: Wed Jul 29 17:51:29 2026 India Standard Time elapsed time: 7.381146 seconds (0d 0h 0m 7s)

---------------  T H R E A D  ---------------

Current thread (0x000001394dee3fa0):  JavaThread "main"             [_thread_in_vm, id=29264, stack(0x00000007a3000000,0x00000007a3100000) (1024K)]

Stack: [0x00000007a3000000,0x00000007a3100000]
Native frames: (J=compiled Java code, j=interpreted, Vv=VM code, C=native code)
V  [jvm.dll+0x6e0b99]  (no source info available)
V  [jvm.dll+0x87e2b3]  (no source info available)
V  [jvm.dll+0x88073e]  (no source info available)
V  [jvm.dll+0x880e13]  (no source info available)
V  [jvm.dll+0x27b006]  (no source info available)
V  [jvm.dll+0x879ebe]  (no source info available)
V  [jvm.dll+0x6822f5]  (no source info available)
V  [jvm.dll+0x68235a]  (no source info available)
V  [jvm.dll+0x684b9a]  (no source info available)
V  [jvm.dll+0x221aec]  (no source info available)
V  [jvm.dll+0x682d0e]  (no source info available)
V  [jvm.dll+0x3bc1bf]  (no source info available)
V  [jvm.dll+0x20a10b]  (no source info available)
V  [jvm.dll+0x5be969]  (no source info available)
V  [jvm.dll+0x7f41ad]  (no source info available)
V  [jvm.dll+0x476662]  (no source info available)
V  [jvm.dll+0x489e36]  (no source info available)
C  [java.dll+0x163f]  (no source info available)

Java frames: (J=compiled Java code, j=interpreted, Vv=VM code)
j  java.lang.ClassLoader.defineClass0(Ljava/lang/ClassLoader;Ljava/lang/Class;Ljava/lang/String;[BIILjava/security/ProtectionDomain;ZILjava/lang/Object;)Ljava/lang/Class;+0 java.base@23.0.2
j  java.lang.System$2.defineClass(Ljava/lang/ClassLoader;Ljava/lang/Class;Ljava/lang/String;[BLjava/security/ProtectionDomain;ZILjava/lang/Object;)Ljava/lang/Class;+17 java.base@23.0.2
j  java.lang.invoke.MethodHandles$Lookup$ClassDefiner.defineClass(ZLjava/lang/Object;)Ljava/lang/Class;+57 java.base@23.0.2
j  java.lang.invoke.InnerClassLambdaMetafactory.generateInnerClass()Ljava/lang/Class;+490 java.base@23.0.2
j  java.lang.invoke.InnerClassLambdaMetafactory.spinInnerClass()Ljava/lang/Class;+120 java.base@23.0.2
j  java.lang.invoke.InnerClassLambdaMetafactory.buildCallSite()Ljava/lang/invoke/CallSite;+1 java.base@23.0.2
j  java.lang.invoke.LambdaMetafactory.metafactory(Ljava/lang/invoke/MethodHandles$Lookup;Ljava/lang/String;Ljava/lang/invoke/MethodType;Ljava/lang/invoke/MethodType;Ljava/lang/invoke/MethodHandle;Ljava/lang/invoke/MethodType;)Ljava/lang/invoke/CallSite;+67 java.base@23.0.2
j  java.lang.invoke.DirectMethodHandle$Holder.invokeStatic(Ljava/lang/Object;Ljava/lang/Object;Ljava/lang/Object;Ljava/lang/Object;Ljava/lang/Object;Ljava/lang/Object;Ljava/lang/Object;)Ljava/lang/Object;+20 java.base@23.0.2
j  java.lang.invoke.Invokers$Holder.invokeExact_MT(Ljava/lang/Object;Ljava/lang/Object;Ljava/lang/Object;Ljava/lang/Object;Ljava/lang/Object;Ljava/lang/Object;Ljava/lang/Object;Ljava/lang/Object;)Ljava/lang/Object;+28 java.base@23.0.2
j  java.lang.invoke.BootstrapMethodInvoker.invoke(Ljava/lang/Class;Ljava/lang/invoke/MethodHandle;Ljava/lang/String;Ljava/lang/Object;Ljava/lang/Object;Ljava/lang/Class;)Ljava/lang/Object;+319 java.base@23.0.2
j  java.lang.invoke.CallSite.makeSite(Ljava/lang/invoke/MethodHandle;Ljava/lang/String;Ljava/lang/invoke/MethodType;Ljava/lang/Object;Ljava/lang/Class;)Ljava/lang/invoke/CallSite;+8 java.base@23.0.2
j  java.lang.invoke.MethodHandleNatives.linkCallSiteImpl(Ljava/lang/Class;Ljava/lang/invoke/MethodHandle;Ljava/lang/String;Ljava/lang/invoke/MethodType;Ljava/lang/Object;[Ljava/lang/Object;)Ljava/lang/invoke/MemberName;+6 java.base@23.0.2
j  java.lang.invoke.MethodHandleNatives.linkCallSite(Ljava/lang/Object;Ljava/lang/Object;Ljava/lang/Object;Ljava/lang/Object;Ljava/lang/Object;[Ljava/lang/Object;)Ljava/lang/invoke/MemberName;+45 java.base@23.0.2
v  ~StubRoutines::call_stub 0x000001395ff80fcd
j  sun.security.provider.AbstractDrbg.<clinit>()V+12 java.base@23.0.2
v  ~StubRoutines::call_stub 0x000001395ff80fcd
j  sun.security.provider.DRBG.createImpl()V+125 java.base@23.0.2
j  sun.security.provider.DRBG.<init>(Ljava/security/SecureRandomParameters;)V+845 java.base@23.0.2
J 1390 c1 java.lang.invoke.DirectMethodHandle$Holder.newInvokeSpecial(Ljava/lang/Object;Ljava/lang/Object;)Ljava/lang/Object; java.base@23.0.2 (21 bytes) @ 0x0000013958c40f6c [0x0000013958c40ae0+0x000000000000048c]
J 1987 c1 java.lang.invoke.LambdaForm$MH+0x00000139010acc00.invoke(Ljava/lang/Object;Ljava/lang/Object;)Ljava/lang/Object; java.base@23.0.2 (35 bytes) @ 0x0000013958d1f1ec [0x0000013958d1ece0+0x000000000000050c]
J 1799 c1 jdk.internal.reflect.DirectConstructorHandleAccessor.newInstance([Ljava/lang/Object;)Ljava/lang/Object; java.base@23.0.2 (130 bytes) @ 0x0000013958cca25c [0x0000013958cc91a0+0x00000000000010bc]
J 1795 c1 java.lang.reflect.Constructor.newInstanceWithCaller([Ljava/lang/Object;ZLjava/lang/Class;)Ljava/lang/Object; java.base@23.0.2 (51 bytes) @ 0x0000013958cc31bc [0x0000013958cc2fe0+0x00000000000001dc]
J 1966 c1 java.lang.reflect.Constructor.newInstance([Ljava/lang/Object;)Ljava/lang/Object; java.base@23.0.2 (34 bytes) @ 0x0000013958d14724 [0x0000013958d145c0+0x0000000000000164]
j  java.security.Provider$Service.newInstanceUtil(Ljava/lang/Class;Ljava/lang/Object;)Ljava/lang/Object;+34 java.base@23.0.2
j  java.security.Provider$Service.newInstance(Ljava/lang/Object;)Ljava/lang/Object;+216 java.base@23.0.2
j  java.security.SecureRandom.getDefaultPRNG(Z[B)V+125 java.base@23.0.2
j  java.security.SecureRandom.<init>()V+23 java.base@23.0.2
j  org.sonatype.plexus.components.cipher.PBECipher.<clinit>()V+4
v  ~StubRoutines::call_stub 0x000001395ff80fcd
j  org.sonatype.plexus.components.cipher.DefaultPlexusCipher.<init>()V+5
j  org.sonatype.plexus.components.cipher.DefaultPlexusCipher$$FastClassByGuice$$142145634.GUICE$TRAMPOLINE(ILjava/lang/Object;[Ljava/lang/Object;)Ljava/lang/Object;+64
j  org.sonatype.plexus.components.cipher.DefaultPlexusCipher$$FastClassByGuice$$142145634.apply(Ljava/lang/Object;Ljava/lang/Object;)Ljava/lang/Object;+9
j  com.google.inject.internal.DefaultConstructionProxyFactory$FastClassProxy.newInstance([Ljava/lang/Object;)Ljava/lang/Object;+6
j  com.google.inject.internal.ConstructorInjector.provision(Lcom/google/inject/internal/InternalContext;Lcom/google/inject/internal/ConstructionContext;)Ljava/lang/Object;+16
j  com.google.inject.internal.ConstructorInjector.access$000(Lcom/google/inject/internal/ConstructorInjector;Lcom/google/inject/internal/InternalContext;Lcom/google/inject/internal/ConstructionContext;)Ljava/lang/Object;+3
j  com.google.inject.internal.ConstructorInjector$1.call()Ljava/lang/Object;+12
J 2844 c1 com.google.inject.internal.ProvisionListenerStackCallback$Provision.provision()Ljava/lang/Object; (140 bytes) @ 0x0000013958e67ba4 [0x0000013958e67a40+0x0000000000000164]
J 2844 c1 com.google.inject.internal.ProvisionListenerStackCallback$Provision.provision()Ljava/lang/Object; (140 bytes) @ 0x0000013958e67d34 [0x0000013958e67a40+0x00000000000002f4]
j  com.google.inject.internal.ProvisionListenerStackCallback.provision(Lcom/google/inject/internal/InternalContext;Lcom/google/inject/internal/ProvisionListenerStackCallback$ProvisionCallback;)Ljava/lang/Object;+14
j  com.google.inject.internal.ConstructorInjector.construct(Lcom/google/inject/internal/InternalContext;Lcom/google/inject/spi/Dependency;Lcom/google/inject/internal/ProvisionListenerStackCallback;)Ljava/lang/Object;+113
j  com.google.inject.internal.ConstructorBindingImpl$Factory.get(Lcom/google/inject/internal/InternalContext;Lcom/google/inject/spi/Dependency;Z)Ljava/lang/Object;+48
j  com.google.inject.internal.ProviderToInternalFactoryAdapter.get()Ljava/lang/Object;+18
j  com.google.inject.internal.SingletonScope$1.get()Ljava/lang/Object;+58
j  com.google.inject.internal.InternalFactoryToProviderAdapter.get(Lcom/google/inject/internal/InternalContext;Lcom/google/inject/spi/Dependency;Z)Ljava/lang/Object;+9
j  com.google.inject.internal.FactoryProxy.get(Lcom/google/inject/internal/InternalContext;Lcom/google/inject/spi/Dependency;Z)Ljava/lang/Object;+13
j  com.google.inject.internal.SingleParameterInjector.inject(Lcom/google/inject/internal/InternalContext;)Ljava/lang/Object;+12
j  com.google.inject.internal.SingleParameterInjector.getAll(Lcom/google/inject/internal/InternalContext;[Lcom/google/inject/internal/SingleParameterInjector;)[Ljava/lang/Object;+33
j  com.google.inject.internal.ConstructorInjector.provision(Lcom/google/inject/internal/InternalContext;Lcom/google/inject/internal/ConstructionContext;)Ljava/lang/Object;+5
j  com.google.inject.internal.ConstructorInjector.access$000(Lcom/google/inject/internal/ConstructorInjector;Lcom/google/inject/internal/InternalContext;Lcom/google/inject/internal/ConstructionContext;)Ljava/lang/Object;+3
j  com.google.inject.internal.ConstructorInjector$1.call()Ljava/lang/Object;+12
J 2844 c1 com.google.inject.internal.ProvisionListenerStackCallback$Provision.provision()Ljava/lang/Object; (140 bytes) @ 0x0000013958e67ba4 [0x0000013958e67a40+0x0000000000000164]
J 2844 c1 com.google.inject.internal.ProvisionListenerStackCallback$Provision.provision()Ljava/lang/Object; (140 bytes) @ 0x0000013958e67d34 [0x0000013958e67a40+0x00000000000002f4]
j  com.google.inject.internal.ProvisionListenerStackCallback.provision(Lcom/google/inject/internal/InternalContext;Lcom/google/inject/internal/ProvisionListenerStackCallback$ProvisionCallback;)Ljava/lang/Object;+14
j  com.google.inject.internal.ConstructorInjector.construct(Lcom/google/inject/internal/InternalContext;Lcom/google/inject/spi/Dependency;Lcom/google/inject/internal/ProvisionListenerStackCallback;)Ljava/lang/Object;+113
j  com.google.inject.internal.ConstructorBindingImpl$Factory.get(Lcom/google/inject/internal/InternalContext;Lcom/google/inject/spi/Dependency;Z)Ljava/lang/Object;+48
j  com.google.inject.internal.ProviderToInternalFactoryAdapter.get()Ljava/lang/Object;+18
j  com.google.inject.internal.SingletonScope$1.get()Ljava/lang/Object;+58
j  com.google.inject.internal.InternalFactoryToProviderAdapter.get(Lcom/google/inject/internal/InternalContext;Lcom/google/inject/spi/Dependency;Z)Ljava/lang/Object;+9
j  com.google.inject.internal.BoundProviderFactory.get(Lcom/google/inject/internal/InternalContext;Lcom/google/inject/spi/Dependency;Z)Ljava/lang/Object;+7
j  com.google.inject.internal.ProviderToInternalFactoryAdapter.get()Ljava/lang/Object;+18
j  com.google.inject.internal.SingletonScope$1.get()Ljava/lang/Object;+58
j  com.google.inject.internal.InternalFactoryToProviderAdapter.get(Lcom/google/inject/internal/InternalContext;Lcom/google/inject/spi/Dependency;Z)Ljava/lang/Object;+9
j  com.google.inject.internal.SingleParameterInjector.inject(Lcom/google/inject/internal/InternalContext;)Ljava/lang/Object;+12
j  com.google.inject.internal.SingleParameterInjector.getAll(Lcom/google/inject/internal/InternalContext;[Lcom/google/inject/internal/SingleParameterInjector;)[Ljava/lang/Object;+33
j  com.google.inject.internal.ConstructorInjector.provision(Lcom/google/inject/internal/InternalContext;Lcom/google/inject/internal/ConstructionContext;)Ljava/lang/Object;+5
j  com.google.inject.internal.ConstructorInjector.access$000(Lcom/google/inject/internal/ConstructorInjector;Lcom/google/inject/internal/InternalContext;Lcom/google/inject/internal/ConstructionContext;)Ljava/lang/Object;+3
j  com.google.inject.internal.ConstructorInjector$1.call()Ljava/lang/Object;+12
J 2844 c1 com.google.inject.internal.ProvisionListenerStackCallback$Provision.provision()Ljava/lang/Object; (140 bytes) @ 0x0000013958e67ba4 [0x0000013958e67a40+0x0000000000000164]
J 2844 c1 com.google.inject.internal.ProvisionListenerStackCallback$Provision.provision()Ljava/lang/Object; (140 bytes) @ 0x0000013958e67d34 [0x0000013958e67a40+0x00000000000002f4]
j  com.google.inject.internal.ProvisionListenerStackCallback.provision(Lcom/google/inject/internal/InternalContext;Lcom/google/inject/internal/ProvisionListenerStackCallback$ProvisionCallback;)Ljava/lang/Object;+14
j  com.google.inject.internal.ConstructorInjector.construct(Lcom/google/inject/internal/InternalContext;Lcom/google/inject/spi/Dependency;Lcom/google/inject/internal/ProvisionListenerStackCallback;)Ljava/lang/Object;+113
j  com.google.inject.internal.ConstructorBindingImpl$Factory.get(Lcom/google/inject/internal/InternalContext;Lcom/google/inject/spi/Dependency;Z)Ljava/lang/Object;+48
j  com.google.inject.internal.ProviderToInternalFactoryAdapter.get()Ljava/lang/Object;+18
j  com.google.inject.internal.SingletonScope$1.get()Ljava/lang/Object;+58
j  com.google.inject.internal.InternalFactoryToProviderAdapter.get(Lcom/google/inject/internal/InternalContext;Lcom/google/inject/spi/Dependency;Z)Ljava/lang/Object;+9
j  com.google.inject.internal.FactoryProxy.get(Lcom/google/inject/internal/InternalContext;Lcom/google/inject/spi/Dependency;Z)Ljava/lang/Object;+13
J 2898 c1 com.google.inject.internal.InjectorImpl$1.get()Ljava/lang/Object; (54 bytes) @ 0x0000013958e8b3dc [0x0000013958e8b280+0x000000000000015c]
j  org.eclipse.sisu.wire.BeanProviders$7.get()Ljava/lang/Object;+57
j  com.google.inject.internal.ProviderInternalFactory.provision(Ljavax/inject/Provider;Lcom/google/inject/spi/Dependency;Lcom/google/inject/internal/ConstructionContext;)Ljava/lang/Object;+1
j  com.google.inject.internal.InternalFactoryToInitializableAdapter.provision(Ljavax/inject/Provider;Lcom/google/inject/spi/Dependency;Lcom/google/inject/internal/ConstructionContext;)Ljava/lang/Object;+4
j  com.google.inject.internal.ProviderInternalFactory$1.call()Ljava/lang/Object;+16
J 2844 c1 com.google.inject.internal.ProvisionListenerStackCallback$Provision.provision()Ljava/lang/Object; (140 bytes) @ 0x0000013958e67ba4 [0x0000013958e67a40+0x0000000000000164]
J 2844 c1 com.google.inject.internal.ProvisionListenerStackCallback$Provision.provision()Ljava/lang/Object; (140 bytes) @ 0x0000013958e67d34 [0x0000013958e67a40+0x00000000000002f4]
j  com.google.inject.internal.ProvisionListenerStackCallback.provision(Lcom/google/inject/internal/InternalContext;Lcom/google/inject/internal/ProvisionListenerStackCallback$ProvisionCallback;)Ljava/lang/Object;+14
j  com.google.inject.internal.ProviderInternalFactory.circularGet(Ljavax/inject/Provider;Lcom/google/inject/internal/InternalContext;Lcom/google/inject/spi/Dependency;Lcom/google/inject/internal/ProvisionListenerStackCallback;)Ljava/lang/Object;+91
j  com.google.inject.internal.InternalFactoryToInitializableAdapter.get(Lcom/google/inject/internal/InternalContext;Lcom/google/inject/spi/Dependency;Z)Ljava/lang/Object;+19
j  com.google.inject.internal.SingleFieldInjector.inject(Lcom/google/inject/internal/InternalContext;Ljava/lang/Object;)V+13
J 2842 c1 com.google.inject.internal.MembersInjectorImpl.injectMembers(Ljava/lang/Object;Lcom/google/inject/internal/InternalContext;Z)V (144 bytes) @ 0x0000013958e67114 [0x0000013958e66a20+0x00000000000006f4]
j  com.google.inject.internal.ConstructorInjector.provision(Lcom/google/inject/internal/InternalContext;Lcom/google/inject/internal/ConstructionContext;)Ljava/lang/Object;+59
j  com.google.inject.internal.ConstructorInjector.access$000(Lcom/google/inject/internal/ConstructorInjector;Lcom/google/inject/internal/InternalContext;Lcom/google/inject/internal/ConstructionContext;)Ljava/lang/Object;+3
j  com.google.inject.internal.ConstructorInjector$1.call()Ljava/lang/Object;+12
J 2844 c1 com.google.inject.internal.ProvisionListenerStackCallback$Provision.provision()Ljava/lang/Object; (140 bytes) @ 0x0000013958e67ba4 [0x0000013958e67a40+0x0000000000000164]
J 2844 c1 com.google.inject.internal.ProvisionListenerStackCallback$Provision.provision()Ljava/lang/Object; (140 bytes) @ 0x0000013958e67d34 [0x0000013958e67a40+0x00000000000002f4]
j  com.google.inject.internal.ProvisionListenerStackCallback.provision(Lcom/google/inject/internal/InternalContext;Lcom/google/inject/internal/ProvisionListenerStackCallback$ProvisionCallback;)Ljava/lang/Object;+14
j  com.google.inject.internal.ConstructorInjector.construct(Lcom/google/inject/internal/InternalContext;Lcom/google/inject/spi/Dependency;Lcom/google/inject/internal/ProvisionListenerStackCallback;)Ljava/lang/Object;+113
j  com.google.inject.internal.ConstructorBindingImpl$Factory.get(Lcom/google/inject/internal/InternalContext;Lcom/google/inject/spi/Dependency;Z)Ljava/lang/Object;+48
J 2898 c1 com.google.inject.internal.InjectorImpl$1.get()Ljava/lang/Object; (54 bytes) @ 0x0000013958e8b3dc [0x0000013958e8b280+0x000000000000015c]
j  org.eclipse.sisu.inject.Guice4$2.get()Ljava/lang/Object;+29
j  org.eclipse.sisu.inject.LazyBeanEntry.getValue()Ljava/lang/Object;+4
j  org.eclipse.sisu.plexus.LazyPlexusBean.getValue()Ljava/lang/Object;+4
j  org.eclipse.sisu.plexus.PlexusRequirements$RequirementProvider.get()Ljava/lang/Object;+28
j  org.eclipse.sisu.plexus.ProvidedPropertyBinding.injectProperty(Ljava/lang/Object;)V+9
j  org.eclipse.sisu.bean.BeanInjector.injectMembers(Ljava/lang/Object;)V+26
j  com.google.inject.internal.MembersInjectorImpl.injectMembers(Ljava/lang/Object;Lcom/google/inject/internal/InternalContext;Z)V+115
j  com.google.inject.internal.ConstructorInjector.provision(Lcom/google/inject/internal/InternalContext;Lcom/google/inject/internal/ConstructionContext;)Ljava/lang/Object;+59
j  com.google.inject.internal.ConstructorInjector.access$000(Lcom/google/inject/internal/ConstructorInjector;Lcom/google/inject/internal/InternalContext;Lcom/google/inject/internal/ConstructionContext;)Ljava/lang/Object;+3
j  com.google.inject.internal.ConstructorInjector$1.call()Ljava/lang/Object;+12
j  com.google.inject.internal.ProvisionListenerStackCallback$Provision.provision()Ljava/lang/Object;+30
j  com.google.inject.internal.ProvisionListenerStackCallback$Provision.provision()Ljava/lang/Object;+118
j  com.google.inject.internal.ProvisionListenerStackCallback.provision(Lcom/google/inject/internal/InternalContext;Lcom/google/inject/internal/ProvisionListenerStackCallback$ProvisionCallback;)Ljava/lang/Object;+14
j  com.google.inject.internal.ConstructorInjector.construct(Lcom/google/inject/internal/InternalContext;Lcom/google/inject/spi/Dependency;Lcom/google/inject/internal/ProvisionListenerStackCallback;)Ljava/lang/Object;+113
j  com.google.inject.internal.ConstructorBindingImpl$Factory.get(Lcom/google/inject/internal/InternalContext;Lcom/google/inject/spi/Dependency;Z)Ljava/lang/Object;+48
j  com.google.inject.internal.InjectorImpl$1.get()Ljava/lang/Object;+18
j  com.google.inject.internal.InjectorImpl.getInstance(Ljava/lang/Class;)Ljava/lang/Object;+5
j  org.eclipse.sisu.space.AbstractDeferredClass.get()Ljava/lang/Object;+8
j  com.google.inject.internal.ProviderInternalFactory.provision(Ljavax/inject/Provider;Lcom/google/inject/spi/Dependency;Lcom/google/inject/internal/ConstructionContext;)Ljava/lang/Object;+1
j  com.google.inject.internal.InternalFactoryToInitializableAdapter.provision(Ljavax/inject/Provider;Lcom/google/inject/spi/Dependency;Lcom/google/inject/internal/ConstructionContext;)Ljava/lang/Object;+4
j  com.google.inject.internal.ProviderInternalFactory$1.call()Ljava/lang/Object;+16
j  com.google.inject.internal.ProvisionListenerStackCallback$Provision.provision()Ljava/lang/Object;+30
j  org.eclipse.sisu.bean.BeanScheduler$CycleActivator.onProvision(Lcom/google/inject/spi/ProvisionListener$ProvisionInvocation;)V+62
j  com.google.inject.internal.ProvisionListenerStackCallback$Provision.provision()Ljava/lang/Object;+85
j  com.google.inject.internal.ProvisionListenerStackCallback.provision(Lcom/google/inject/internal/InternalContext;Lcom/google/inject/internal/ProvisionListenerStackCallback$ProvisionCallback;)Ljava/lang/Object;+14
j  com.google.inject.internal.ProviderInternalFactory.circularGet(Ljavax/inject/Provider;Lcom/google/inject/internal/InternalContext;Lcom/google/inject/spi/Dependency;Lcom/google/inject/internal/ProvisionListenerStackCallback;)Ljava/lang/Object;+91
j  com.google.inject.internal.InternalFactoryToInitializableAdapter.get(Lcom/google/inject/internal/InternalContext;Lcom/google/inject/spi/Dependency;Z)Ljava/lang/Object;+19
j  com.google.inject.internal.ProviderToInternalFactoryAdapter.get()Ljava/lang/Object;+18
j  com.google.inject.internal.SingletonScope$1.get()Ljava/lang/Object;+58
j  com.google.inject.internal.InternalFactoryToProviderAdapter.get(Lcom/google/inject/internal/InternalContext;Lcom/google/inject/spi/Dependency;Z)Ljava/lang/Object;+9
j  com.google.inject.internal.InjectorImpl$1.get()Ljava/lang/Object;+18
j  org.eclipse.sisu.inject.LazyBeanEntry.getValue()Ljava/lang/Object;+4
j  org.eclipse.sisu.plexus.LazyPlexusBean.getValue()Ljava/lang/Object;+4
j  org.codehaus.plexus.DefaultPlexusContainer.lookup(Ljava/lang/Class;Ljava/lang/String;Ljava/lang/String;)Ljava/lang/Object;+27
j  org.codehaus.plexus.DefaultPlexusContainer.lookup(Ljava/lang/Class;Ljava/lang/String;)Ljava/lang/Object;+4
j  org.codehaus.plexus.DefaultPlexusContainer.lookup(Ljava/lang/Class;)Ljava/lang/Object;+5
j  org.apache.maven.cli.MavenCli.container(Lorg/apache/maven/cli/CliRequest;)Lorg/codehaus/plexus/PlexusContainer;+547
j  org.apache.maven.cli.MavenCli.doMain(Lorg/apache/maven/cli/CliRequest;)I+38
j  org.apache.maven.cli.MavenCli.main([Ljava/lang/String;Lorg/codehaus/plexus/classworlds/ClassWorld;)I+24
j  java.lang.invoke.DirectMethodHandle$Holder.invokeStatic(Ljava/lang/Object;Ljava/lang/Object;Ljava/lang/Object;)I+11 java.base@23.0.2
j  java.lang.invoke.LambdaForm$MH+0x0000013901009400.invoke(Ljava/lang/Object;Ljava/lang/Object;Ljava/lang/Object;Ljava/lang/Object;)Ljava/lang/Object;+54 java.base@23.0.2
j  java.lang.invoke.LambdaForm$MH+0x0000013901009800.invokeExact_MT(Ljava/lang/Object;Ljava/lang/Object;Ljava/lang/Object;Ljava/lang/Object;Ljava/lang/Object;)Ljava/lang/Object;+22 java.base@23.0.2
j  jdk.internal.reflect.DirectMethodHandleAccessor.invokeImpl(Ljava/lang/Object;[Ljava/lang/Object;)Ljava/lang/Object;+72 java.base@23.0.2
j  jdk.internal.reflect.DirectMethodHandleAccessor.invoke(Ljava/lang/Object;[Ljava/lang/Object;)Ljava/lang/Object;+23 java.base@23.0.2
j  java.lang.reflect.Method.invoke(Ljava/lang/Object;[Ljava/lang/Object;)Ljava/lang/Object;+102 java.base@23.0.2
j  org.codehaus.plexus.classworlds.launcher.Launcher.launchEnhanced([Ljava/lang/String;)V+45
j  org.codehaus.plexus.classworlds.launcher.Launcher.launch([Ljava/lang/String;)V+2
j  org.codehaus.plexus.classworlds.launcher.Launcher.mainWithExitCode([Ljava/lang/String;)I+108
j  org.codehaus.plexus.classworlds.launcher.Launcher.main([Ljava/lang/String;)V+1
v  ~StubRoutines::call_stub 0x000001395ff80fcd
Lock stack of current Java thread (top to bottom):
LockStack[0]: org.eclipse.sisu.inject.Guice4$2 
{0x00000000c7517f78} - klass: 'org/eclipse/sisu/inject/Guice4$2'
 - ---- fields (total size 3 words):
 - private volatile 'value' 'Ljava/lang/Object;' @12  a 'java/lang/Object'{0x00000000c6c91220} (0xc6c91220)
 - final synthetic 'val$provider' 'Ljavax/inject/Provider;' @16  a 'com/google/inject/internal/InjectorImpl$1'{0x00000000c7517f60} (0xc7517f60)


Compiled method (c1) 7530 1390       3       java.lang.invoke.DirectMethodHandle$Holder::newInvokeSpecial (21 bytes)
 total in heap  [0x0000013958c40988,0x0000013958c410c0] = 1848
 relocation     [0x0000013958c40a60,0x0000013958c40ae0] = 128
 main code      [0x0000013958c40ae0,0x0000013958c41048] = 1384
 stub code      [0x0000013958c41048,0x0000013958c410a8] = 96
 metadata       [0x0000013958c410a8,0x0000013958c410c0] = 24
 immutable data [0x0000013941f63ac0,0x0000013941f63c20] = 352
 dependencies   [0x0000013941f63ac0,0x0000013941f63ac8] = 8
 nul chk table  [0x0000013941f63ac8,0x0000013941f63ae0] = 24
 scopes pcs     [0x0000013941f63ae0,0x0000013941f63b90] = 176
 scopes data    [0x0000013941f63b90,0x0000013941f63c20] = 144

[Constant Pool (empty)]

[MachCode]
[Verified Entry Point]
  # {method} {0x00000139001e5a48} 'newInvokeSpecial' '(Ljava/lang/Object;Ljava/lang/Object;)Ljava/lang/Object;' in 'java/lang/invoke/DirectMethodHandle$Holder'
  # parm0:    rdx:rdx   = 'java/lang/Object'
  # parm1:    r8:r8     = 'java/lang/Object'
  #           [sp+0x70]  (sp of caller)
  0x0000013958c40ae0: 8984 2400 | 80ff ff55 | 4883 ec60 | 4181 7f20 | 0100 0000 

  0x0000013958c40af4: ;   {runtime_call StubRoutines (final stubs)}
  0x0000013958c40af4: 7405 e865 

  0x0000013958c40af8: ;   {metadata(method data for {method} {0x00000139001e5a48} 'newInvokeSpecial' '(Ljava/lang/Object;Ljava/lang/Object;)Ljava/lang/Object;' in 'java/lang/invoke/DirectMethodHandle$Holder')}
  0x0000013958c40af8: 9837 0748 | be50 d225 | 4239 0100 | 0048 8db6 | 4002 0000 | 4885 d275 | 0cf6 0601 | 7530 f048 
  0x0000013958c40b18: 830e 01eb | 298b 7a08 | 49ba 0000 | 0000 3901 | 0000 4903 | fa4c 8bd7 | 4833 3e48 | f7c7 fcff 
  0x0000013958c40b38: ffff 740a | 40f6 c702 | 7504 4883 | 0e02 4d85 | c075 0cf6 | 4610 0175 | 06f0 4883 

  0x0000013958c40b54: ;   {metadata(method data for {method} {0x00000139001e5a48} 'newInvokeSpecial' '(Ljava/lang/Object;Ljava/lang/Object;)Ljava/lang/Object;' in 'java/lang/invoke/DirectMethodHandle$Holder')}
  0x0000013958c40b54: 4e10 0148 | be50 d225 | 4239 0100 | 008b becc | 0000 0083 | c702 89be | cc00 0000 | 81e7 fe07 
  0x0000013958c40b74: 0000 85ff | 0f84 0e04 | 0000 4c89 

  0x0000013958c40b80: ;   {metadata(method data for {method} {0x00000139001e5a48} 'newInvokeSpecial' '(Ljava/lang/Object;Ljava/lang/Object;)Ljava/lang/Object;' in 'java/lang/invoke/DirectMethodHandle$Holder')}
  0x0000013958c40b80: 4424 4048 | be50 d225 | 4239 0100 | 0048 8db6 | 2801 0000 | 4885 d275 | 0ef6 4608 | 0175 33f0 
  0x0000013958c40ba0: 4883 4e08 | 01eb 2b8b | 7a08 49ba | 0000 0000 | 3901 0000 | 4903 fa4c | 8bd7 4833 | 7e08 48f7 
  0x0000013958c40bc0: c7fc ffff | ff74 0b40 | f6c7 0275 | 0548 834e 

  0x0000013958c40bd0: ;   {metadata(method data for {method} {0x00000139001e5a48} 'newInvokeSpecial' '(Ljava/lang/Object;Ljava/lang/Object;)Ljava/lang/Object;' in 'java/lang/invoke/DirectMethodHandle$Holder')}
  0x0000013958c40bd0: 0802 48be | 50d2 2542 | 3901 0000 | 4883 8618 | 0100 0001 

  0x0000013958c40be4: ;   {metadata(method data for {method} {0x00000139001d7230} 'allocateInstance' '(Ljava/lang/Object;)Ljava/lang/Object;' in 'java/lang/invoke/DirectMethodHandle')}
  0x0000013958c40be4: 48be 4061 | 2442 3901 | 0000 8bbe | cc00 0000 | 83c7 0289 | becc 0000 | 0081 e7fe | ff1f 0085 
  0x0000013958c40c04: ff0f 84a2 | 0300 0048 

  0x0000013958c40c0c: ;   {metadata(method data for {method} {0x00000139001d7230} 'allocateInstance' '(Ljava/lang/Object;)Ljava/lang/Object;' in 'java/lang/invoke/DirectMethodHandle')}
  0x0000013958c40c0c: 85d2 48bb | 4061 2442 | 3901 0000 | 750c 808b | 1101 0000 | 01e9 ae00 | 0000 8b42 | 0849 ba00 
  0x0000013958c40c2c: 0000 0039 | 0100 0049 | 03c2 483b | 8320 0100 | 0075 0d48 | 8383 2801 | 0000 01e9 | 6000 0000 
  0x0000013958c40c4c: 483b 8330 | 0100 0075 | 0d48 8383 | 3801 0000 | 01e9 4a00 | 0000 4883 | bb20 0100 | 0000 7517 
  0x0000013958c40c6c: 4889 8320 | 0100 0048 | c783 2801 | 0000 0100 | 0000 e929 | 0000 0048 | 83bb 3001 | 0000 0075 
  0x0000013958c40c8c: 1748 8983 | 3001 0000 | 48c7 8338 | 0100 0001 | 0000 00e9 | 0800 0000 | 4883 8318 | 0100 0001 
  0x0000013958c40cac: ;   {metadata('java/lang/invoke/DirectMethodHandle$Constructor')}
  0x0000013958c40cac: 48b8 88cc | 2500 3901 | 0000 8b7a | 0849 ba00 | 0000 0039 | 0100 0049 | 03fa 483b | c70f 85ff 
  0x0000013958c40ccc: 0200 00e9 | 0000 0000 | 488b f28b 

  0x0000013958c40cd8: ;   {oop(a 'jdk/internal/misc/Unsafe'{0x00000000c4f30448})}
  0x0000013958c40cd8: 7628 48bf | 4804 f3c4 | 0000 0000 

  0x0000013958c40ce4: ;   {metadata(method data for {method} {0x00000139001d7230} 'allocateInstance' '(Ljava/lang/Object;)Ljava/lang/Object;' in 'java/lang/invoke/DirectMethodHandle')}
  0x0000013958c40ce4: 488b df48 | b840 6124 | 4239 0100 | 0048 8380 | 4801 0000 | 014c 8bc6 | 4889 5424 | 3848 8bd7 
  0x0000013958c40d04: ;   {optimized virtual_call}
  0x0000013958c40d04: 6666 90e8 

  0x0000013958c40d08: ; ImmutableOopMap {[56]=Oop [64]=Oop }
                      ;*invokevirtual allocateInstance {reexecute=0 rethrow=0 return_oop=0}
                      ; - java.lang.invoke.DirectMethodHandle::allocateInstance@12 (line 500)
                      ; - java.lang.invoke.DirectMethodHandle$Holder::newInvokeSpecial@1
  0x0000013958c40d08: a4b7 9107 

  0x0000013958c40d0c: ;   {other}
  0x0000013958c40d0c: 0f1f 8400 | 8403 0000 

  0x0000013958c40d14: ;   {metadata(method data for {method} {0x00000139001e5a48} 'newInvokeSpecial' '(Ljava/lang/Object;Ljava/lang/Object;)Ljava/lang/Object;' in 'java/lang/invoke/DirectMethodHandle$Holder')}
  0x0000013958c40d14: 48ba 50d2 | 2542 3901 | 0000 488d | 9238 0100 | 0048 85c0 | 750c f602 | 0175 31f0 | 4883 0a01 
  0x0000013958c40d34: eb2a 448b | 4008 49ba | 0000 0000 | 3901 0000 | 4d03 c24d | 8bd0 4c33 | 0249 f7c0 | fcff ffff 
  0x0000013958c40d54: 740a 41f6 | c002 7504 | 4883 0a02 

  0x0000013958c40d60: ;   {metadata(method data for {method} {0x00000139001e5a48} 'newInvokeSpecial' '(Ljava/lang/Object;Ljava/lang/Object;)Ljava/lang/Object;' in 'java/lang/invoke/DirectMethodHandle$Holder')}
  0x0000013958c40d60: 48ba 50d2 | 2542 3901 | 0000 488d | 9258 0100 | 004c 8b44 | 2438 4d85 | c075 0ef6 | 4208 0175 
  0x0000013958c40d80: 34f0 4883 | 4a08 01eb | 2c45 8b48 | 0849 ba00 | 0000 0039 | 0100 004d | 03ca 4d8b | d14c 334a 
  0x0000013958c40da0: 0849 f7c1 | fcff ffff | 740b 41f6 | c102 7505 | 4883 4a08 

  0x0000013958c40db4: ;   {metadata(method data for {method} {0x00000139001e5a48} 'newInvokeSpecial' '(Ljava/lang/Object;Ljava/lang/Object;)Ljava/lang/Object;' in 'java/lang/invoke/DirectMethodHandle$Holder')}
  0x0000013958c40db4: 0248 ba50 | d225 4239 | 0100 0048 | 8382 4801 

  0x0000013958c40dc4: ;   {metadata(method data for {method} {0x00000139001d7cd8} 'constructorMethod' '(Ljava/lang/Object;)Ljava/lang/Object;' in 'java/lang/invoke/DirectMethodHandle')}
  0x0000013958c40dc4: 0000 0148 | baf8 6224 | 4239 0100 | 0044 8b8a | cc00 0000 | 4183 c102 | 4489 8acc | 0000 0041 
  0x0000013958c40de4: 81e1 feff | 1f00 4585 | c90f 84e9 | 0100 004d 

  0x0000013958c40df4: ;   {metadata(method data for {method} {0x00000139001d7cd8} 'constructorMethod' '(Ljava/lang/Object;)Ljava/lang/Object;' in 'java/lang/invoke/DirectMethodHandle')}
  0x0000013958c40df4: 85c0 49b9 | f862 2442 | 3901 0000 | 750d 4180 | 8911 0100 | 0001 e9b0 | 0000 0041 | 8b70 0849 
  0x0000013958c40e14: ba00 0000 | 0039 0100 | 0049 03f2 | 493b b120 | 0100 0075 | 0d49 8381 | 2801 0000 | 01e9 6000 
  0x0000013958c40e34: 0000 493b | b130 0100 | 0075 0d49 | 8381 3801 | 0000 01e9 | 4a00 0000 | 4983 b920 | 0100 0000 
  0x0000013958c40e54: 7517 4989 | b120 0100 | 0049 c781 | 2801 0000 | 0100 0000 | e929 0000 | 0049 83b9 | 3001 0000 
  0x0000013958c40e74: 0075 1749 | 89b1 3001 | 0000 49c7 | 8138 0100 | 0001 0000 | 00e9 0800 | 0000 4983 | 8118 0100 
  0x0000013958c40e94: ;   {metadata('java/lang/invoke/DirectMethodHandle$Constructor')}
  0x0000013958c40e94: 0001 48be | 88cc 2500 | 3901 0000 | 418b 5008 | 49ba 0000 | 0000 3901 | 0000 4903 | d248 3bf2 
  0x0000013958c40eb4: 0f85 4301 | 0000 e900 | 0000 0049 | 8bd0 448b 

  0x0000013958c40ec4: ;   {metadata(method data for {method} {0x00000139001e5a48} 'newInvokeSpecial' '(Ljava/lang/Object;Ljava/lang/Object;)Ljava/lang/Object;' in 'java/lang/invoke/DirectMethodHandle$Holder')}
  0x0000013958c40ec4: 4a24 48ba | 50d2 2542 | 3901 0000 | 488d 9268 | 0100 004d | 85c9 750a | f602 0175 | 05f0 4883 
  0x0000013958c40ee4: ;   {metadata(method data for {method} {0x00000139001e5a48} 'newInvokeSpecial' '(Ljava/lang/Object;Ljava/lang/Object;)Ljava/lang/Object;' in 'java/lang/invoke/DirectMethodHandle$Holder')}
  0x0000013958c40ee4: 0a01 48ba | 50d2 2542 | 3901 0000 | 488d 92b8 | 0100 0048 | 85c0 750e | f642 0801 | 7534 f048 
  0x0000013958c40f04: 834a 0801 | eb2c 448b | 4008 49ba | 0000 0000 | 3901 0000 | 4d03 c24d | 8bd0 4c33 | 4208 49f7 
  0x0000013958c40f24: c0fc ffff | ff74 0b41 | f6c0 0275 | 0548 834a | 0802 4c8b | 4424 404d | 85c0 750c | f642 1801 
  0x0000013958c40f44: 7506 f048 | 834a 1801 

  0x0000013958c40f4c: ;   {metadata(method data for {method} {0x00000139001e5a48} 'newInvokeSpecial' '(Ljava/lang/Object;Ljava/lang/Object;)Ljava/lang/Object;' in 'java/lang/invoke/DirectMethodHandle$Holder')}
  0x0000013958c40f4c: 48ba 50d2 | 2542 3901 | 0000 4883 | 82a8 0100 | 0001 488b | d048 8944 

  0x0000013958c40f64: ;   {static_call}
  0x0000013958c40f64: 2448 90e8 

  0x0000013958c40f68: ; ImmutableOopMap {[72]=Oop }
                      ;*invokestatic linkToSpecial {reexecute=0 rethrow=0 return_oop=0}
                      ; - java.lang.invoke.DirectMethodHandle$Holder::newInvokeSpecial@16
  0x0000013958c40f68: 1405 8f07 

  0x0000013958c40f6c: ;   {other}
  0x0000013958c40f6c: 0f1f 8400 | e405 0001 | 488b 4424 | 4848 83c4 

  0x0000013958c40f7c: ;   {poll_return}
  0x0000013958c40f7c: 605d 493b | a748 0400 | 000f 8780 | 0000 00c3 

  0x0000013958c40f8c: ;   {metadata({method} {0x00000139001e5a48} 'newInvokeSpecial' '(Ljava/lang/Object;Ljava/lang/Object;)Ljava/lang/Object;' in 'java/lang/invoke/DirectMethodHandle$Holder')}
  0x0000013958c40f8c: 49ba 405a | 1e00 3901 | 0000 4c89 | 5424 0848 | c704 24ff 

  0x0000013958c40fa0: ;   {runtime_call counter_overflow Runtime1 stub}
  0x0000013958c40fa0: ffff ffe8 

  0x0000013958c40fa4: ; ImmutableOopMap {rdx=Oop r8=Oop }
                      ;*synchronization entry
                      ; - java.lang.invoke.DirectMethodHandle$Holder::newInvokeSpecial@-1
  0x0000013958c40fa4: 389c 4607 | e9d1 fbff 

  0x0000013958c40fac: ;   {metadata({method} {0x00000139001d7230} 'allocateInstance' '(Ljava/lang/Object;)Ljava/lang/Object;' in 'java/lang/invoke/DirectMethodHandle')}
  0x0000013958c40fac: ff49 ba28 | 721d 0039 | 0100 004c | 8954 2408 | 48c7 0424 | ffff ffff 

  0x0000013958c40fc4: ;   {runtime_call counter_overflow Runtime1 stub}
  0x0000013958c40fc4: e817 9c46 

  0x0000013958c40fc8: ; ImmutableOopMap {rdx=Oop [64]=Oop }
                      ;*synchronization entry
                      ; - java.lang.invoke.DirectMethodHandle::allocateInstance@-1 (line 499)
                      ; - java.lang.invoke.DirectMethodHandle$Holder::newInvokeSpecial@1
  0x0000013958c40fc8: 07e9 3dfc | ffff 4889 

  0x0000013958c40fd0: ;   {runtime_call throw_class_cast_exception Runtime1 stub}
  0x0000013958c40fd0: 1424 e889 

  0x0000013958c40fd4: ; ImmutableOopMap {rdx=Oop [64]=Oop }
                      ;*checkcast {reexecute=0 rethrow=0 return_oop=0}
                      ; - java.lang.invoke.DirectMethodHandle::allocateInstance@1 (line 499)
                      ; - java.lang.invoke.DirectMethodHandle$Holder::newInvokeSpecial@1
                      ;   {runtime_call throw_null_pointer_exception Runtime1 stub}
  0x0000013958c40fd4: 6546 07e8 

  0x0000013958c40fd8: ; ImmutableOopMap {rdx=Oop [64]=Oop }
                      ;*getfield instanceClass {reexecute=1 rethrow=0 return_oop=0}
                      ; - (reexecute) java.lang.invoke.DirectMethodHandle::allocateInstance@9 (line 500)
                      ; - java.lang.invoke.DirectMethodHandle$Holder::newInvokeSpecial@1
  0x0000013958c40fd8: 843d 4607 

  0x0000013958c40fdc: ;   {metadata({method} {0x00000139001d7cd8} 'constructorMethod' '(Ljava/lang/Object;)Ljava/lang/Object;' in 'java/lang/invoke/DirectMethodHandle')}
  0x0000013958c40fdc: 49ba d07c | 1d00 3901 | 0000 4c89 | 5424 0848 | c704 24ff 

  0x0000013958c40ff0: ;   {runtime_call counter_overflow Runtime1 stub}
  0x0000013958c40ff0: ffff ffe8 

  0x0000013958c40ff4: ; ImmutableOopMap {rax=Oop r8=Oop [64]=Oop }
                      ;*synchronization entry
                      ; - java.lang.invoke.DirectMethodHandle::constructorMethod@-1 (line 493)
                      ; - java.lang.invoke.DirectMethodHandle$Holder::newInvokeSpecial@6
  0x0000013958c40ff4: e89b 4607 | e9f6 fdff | ff4c 8904 

  0x0000013958c41000: ;   {runtime_call throw_class_cast_exception Runtime1 stub}
  0x0000013958c41000: 24e8 5a65 

  0x0000013958c41004: ; ImmutableOopMap {rax=Oop [64]=Oop }
                      ;*checkcast {reexecute=0 rethrow=0 return_oop=0}
                      ; - java.lang.invoke.DirectMethodHandle::constructorMethod@1 (line 493)
                      ; - java.lang.invoke.DirectMethodHandle$Holder::newInvokeSpecial@6
                      ;   {runtime_call throw_null_pointer_exception Runtime1 stub}
  0x0000013958c41004: 4607 e855 

  0x0000013958c41008: ; ImmutableOopMap {rax=Oop [64]=Oop }
                      ;*getfield initMethod {reexecute=1 rethrow=0 return_oop=0}
                      ; - (reexecute) java.lang.invoke.DirectMethodHandle::constructorMethod@6 (line 494)
                      ; - java.lang.invoke.DirectMethodHandle$Holder::newInvokeSpecial@6
                      ;   {internal_word}
  0x0000013958c41008: 3d46 0749 | ba7e 0fc4 | 5839 0100 | 004d 8997 | 6004 0000 

  0x0000013958c4101c: ;   {runtime_call SafepointBlob}
  0x0000013958c4101c: e9bf 5739 | 0749 8b87 | 0005 0000 | 49c7 8700 | 0500 0000 | 0000 0049 | c787 0805 | 0000 0000 
  0x0000013958c4103c: 0000 4883 

  0x0000013958c41040: ;   {runtime_call unwind_exception Runtime1 stub}
  0x0000013958c41040: c460 5de9 | 182e 4607 
[Stub Code]
  0x0000013958c41048: ;   {no_reloc}
  0x0000013958c41048: 48bb 0000 | 0000 0000 

  0x0000013958c41050: ;   {runtime_call nmethod}
  0x0000013958c41050: 0000 e9fb 

  0x0000013958c41054: ;   {static_stub}
  0x0000013958c41054: ffff ff48 | bb00 0000 | 0000 0000 

  0x0000013958c41060: ;   {runtime_call nmethod}
  0x0000013958c41060: 00e9 fbff 

  0x0000013958c41064: ;   {runtime_call handle_exception_from_callee Runtime1 stub}
  0x0000013958c41064: ffff e8f5 

  0x0000013958c41068: ;   {external_word}
  0x0000013958c41068: 5e46 0748 | b940 e523 | 71fd 7f00 | 0048 83e4 

  0x0000013958c41078: ;   {runtime_call}
  0x0000013958c41078: f048 b850 | 4dea 70fd | 7f00 00ff 

  0x0000013958c41084: ;   {section_word}
  0x0000013958c41084: d0f4 49ba | 8610 c458 | 3901 0000 

  0x0000013958c41090: ;   {runtime_call DeoptimizationBlob}
  0x0000013958c41090: 4152 e969 

  0x0000013958c41094: ;   {section_word}
  0x0000013958c41094: 6b39 0749 | ba97 10c4 | 5839 0100 

  0x0000013958c410a0: ;   {runtime_call DeoptimizationBlob}
  0x0000013958c410a0: 0041 52e9 | 586b 3907 
[/MachCode]


Compiled method (c1) 7569 1987       3       java.lang.invoke.LambdaForm$MH/0x00000139010acc00::invoke (35 bytes)
 total in heap  [0x0000013958d1eb88,0x0000013958d1f360] = 2008
 relocation     [0x0000013958d1ec60,0x0000013958d1ecd0] = 112
 main code      [0x0000013958d1ece0,0x0000013958d1f2f8] = 1560
 stub code      [0x0000013958d1f2f8,0x0000013958d1f350] = 88
 oops           [0x0000013958d1f350,0x0000013958d1f358] = 8
 metadata       [0x0000013958d1f358,0x0000013958d1f360] = 8
 immutable data [0x0000013946275680,0x00000139462757b0] = 304
 dependencies   [0x0000013946275680,0x0000013946275688] = 8
 nul chk table  [0x0000013946275688,0x00000139462756a8] = 32
 scopes pcs     [0x00000139462756a8,0x0000013946275758] = 176
 scopes data    [0x0000013946275758,0x00000139462757b0] = 88

[Constant Pool (empty)]

[MachCode]
[Verified Entry Point]
  # {method} {0x0000013942679aa0} 'invoke' '(Ljava/lang/Object;Ljava/lang/Object;)Ljava/lang/Object;' in 'java/lang/invoke/LambdaForm$MH+0x00000139010acc00'
  # parm0:    rdx:rdx   = 'java/lang/Object'
  # parm1:    r8:r8     = 'java/lang/Object'
  #           [sp+0x40]  (sp of caller)
  0x0000013958d1ece0: 8984 2400 | 80ff ff55 | 4883 ec30 | 4181 7f20 | 0100 0000 

  0x0000013958d1ecf4: ;   {runtime_call StubRoutines (final stubs)}
  0x0000013958d1ecf4: 7405 e865 

  0x0000013958d1ecf8: ;   {metadata(method data for {method} {0x0000013942679aa0} 'invoke' '(Ljava/lang/Object;Ljava/lang/Object;)Ljava/lang/Object;' in 'java/lang/invoke/LambdaForm$MH+0x00000139010acc00')}
  0x0000013958d1ecf8: b629 0748 | bee0 9c67 | 4239 0100 | 0048 8db6 | a802 0000 | 4885 d275 | 0cf6 0601 | 754d f048 
  0x0000013958d1ed18: 830e 01eb | 468b 7a08 | 49ba 0000 | 0000 3901 | 0000 4903 | fa4c 8bd7 | 4833 3e48 | f7c7 fcff 
  0x0000013958d1ed38: ffff 7427 | 40f6 c702 | 7521 48f7 | 06fe ffff | ff74 1549 | 8bfa 4833 | 3e48 f7c7 | fcff ffff 
  0x0000013958d1ed58: 7409 4883 | 0e02 eb03 | 4889 3e4d | 85c0 750e | f646 1001 | 7554 f048 | 834e 1001 | eb4c 418b 
  0x0000013958d1ed78: 7808 49ba | 0000 0000 | 3901 0000 | 4903 fa4c | 8bd7 4833 | 7e10 48f7 | c7fc ffff | ff74 2b40 
  0x0000013958d1ed98: f6c7 0275 | 2548 f746 | 10fe ffff | ff74 1749 | 8bfa 4833 | 7e10 48f7 | c7fc ffff | ff74 0b48 
  0x0000013958d1edb8: 834e 1002 | eb04 4889 

  0x0000013958d1edc0: ;   {metadata(method data for {method} {0x0000013942679aa0} 'invoke' '(Ljava/lang/Object;Ljava/lang/Object;)Ljava/lang/Object;' in 'java/lang/invoke/LambdaForm$MH+0x00000139010acc00')}
  0x0000013958d1edc0: 7e10 48be | e09c 6742 | 3901 0000 | 8bbe cc00 | 0000 83c7 | 0289 becc | 0000 0081 | e7fe 0700 
  0x0000013958d1ede0: 0085 ff0f | 8486 0400 | 0048 85d2 

  0x0000013958d1edec: ;   {metadata(method data for {method} {0x0000013942679aa0} 'invoke' '(Ljava/lang/Object;Ljava/lang/Object;)Ljava/lang/Object;' in 'java/lang/invoke/LambdaForm$MH+0x00000139010acc00')}
  0x0000013958d1edec: 48bf e09c | 6742 3901 | 0000 750c | 808f 1101 | 0000 01e9 | ae00 0000 | 8b5a 0849 | ba00 0000 
  0x0000013958d1ee0c: 0039 0100 | 0049 03da | 483b 9f20 | 0100 0075 | 0d48 8387 | 2801 0000 | 01e9 6000 | 0000 483b 
  0x0000013958d1ee2c: 9f30 0100 | 0075 0d48 | 8387 3801 | 0000 01e9 | 4a00 0000 | 4883 bf20 | 0100 0000 | 7517 4889 
  0x0000013958d1ee4c: 9f20 0100 | 0048 c787 | 2801 0000 | 0100 0000 | e929 0000 | 0048 83bf | 3001 0000 | 0075 1748 
  0x0000013958d1ee6c: 899f 3001 | 0000 48c7 | 8738 0100 | 0001 0000 | 00e9 0800 | 0000 4883 | 8718 0100 

  0x0000013958d1ee88: ;   {metadata('java/lang/invoke/BoundMethodHandle$Species_LL')}
  0x0000013958d1ee88: 0001 48bb | 28fb 3200 | 3901 0000 | 8b72 0849 | ba00 0000 | 0039 0100 | 0049 03f2 | 483b de0f 
  0x0000013958d1eea8: 85e3 0300 | 00e9 0000 | 0000 488b | f28b 5624 

  0x0000013958d1eeb8: ;   {metadata(method data for {method} {0x0000013942679aa0} 'invoke' '(Ljava/lang/Object;Ljava/lang/Object;)Ljava/lang/Object;' in 'java/lang/invoke/LambdaForm$MH+0x00000139010acc00')}
  0x0000013958d1eeb8: 4885 d248 | bbe0 9c67 | 4239 0100 | 0075 0c80 | 8b41 0100 | 0001 e9af | 0000 008b | 4208 49ba 
  0x0000013958d1eed8: 0000 0000 | 3901 0000 | 4903 c248 | 3b83 5001 | 0000 750d | 4883 8358 | 0100 0001 | e960 0000 
  0x0000013958d1eef8: 0048 3b83 | 6001 0000 | 750d 4883 | 8368 0100 | 0001 e94a | 0000 0048 | 83bb 5001 | 0000 0075 
  0x0000013958d1ef18: 1748 8983 | 5001 0000 | 48c7 8358 | 0100 0001 | 0000 00e9 | 2900 0000 | 4883 bb60 | 0100 0000 
  0x0000013958d1ef38: 7517 4889 | 8360 0100 | 0048 c783 | 6801 0000 | 0100 0000 | e908 0000 | 0048 8383 | 4801 0000 
  0x0000013958d1ef58: ;   {metadata('java/lang/invoke/MethodHandle')}
  0x0000013958d1ef58: 0148 b898 | 821a 0039 | 0100 008b | 5a08 49ba | 0000 0000 | 3901 0000 | 4903 da48 | 3b43 380f 
  0x0000013958d1ef78: 8521 0300 | 00e9 0000 | 0000 483b 

  0x0000013958d1ef84: ;   {metadata(method data for {method} {0x0000013942679aa0} 'invoke' '(Ljava/lang/Object;Ljava/lang/Object;)Ljava/lang/Object;' in 'java/lang/invoke/LambdaForm$MH+0x00000139010acc00')}
  0x0000013958d1ef84: 0248 bfe0 | 9c67 4239 | 0100 0048 | 8dbf a801 | 0000 4d85 | c075 0ef6 | 4708 0175 | 53f0 4883 
  0x0000013958d1efa4: 4f08 01eb | 4b41 8b58 | 0849 ba00 | 0000 0039 | 0100 0049 | 03da 4c8b | d348 335f | 0848 f7c3 
  0x0000013958d1efc4: fcff ffff | 742a f6c3 | 0275 2548 | f747 08fe | ffff ff74 | 1749 8bda | 4833 5f08 | 48f7 c3fc 
  0x0000013958d1efe4: ffff ff74 | 0b48 834f | 0802 eb04 | 4889 5f08 

  0x0000013958d1eff4: ;   {metadata(method data for {method} {0x0000013942679aa0} 'invoke' '(Ljava/lang/Object;Ljava/lang/Object;)Ljava/lang/Object;' in 'java/lang/invoke/LambdaForm$MH+0x00000139010acc00')}
  0x0000013958d1eff4: 488b fa48 | bbe0 9c67 | 4239 0100 | 0048 8383 | 7801 0000 | 0148 8974 

  0x0000013958d1f00c: ;   {optimized virtual_call}
  0x0000013958d1f00c: 2418 90e8 

  0x0000013958d1f010: ; ImmutableOopMap {[24]=Oop }
                      ;*invokevirtual invokeBasic {reexecute=0 rethrow=0 return_oop=0}
                      ; - java.lang.invoke.LambdaForm$MH/0x00000139010acc00::invoke@15
  0x0000013958d1f010: 6c27 8107 

  0x0000013958d1f014: ;   {other}
  0x0000013958d1f014: 0f1f 8400 | 8c04 0000 

  0x0000013958d1f01c: ;   {metadata(method data for {method} {0x0000013942679aa0} 'invoke' '(Ljava/lang/Object;Ljava/lang/Object;)Ljava/lang/Object;' in 'java/lang/invoke/LambdaForm$MH+0x00000139010acc00')}
  0x0000013958d1f01c: 49b8 e09c | 6742 3901 | 0000 4d8d | 80b8 0100 | 0048 85c0 | 750d 41f6 | 0001 754c | f049 8308 
  0x0000013958d1f03c: 01eb 458b | 5008 49ba | 0000 0000 | 3901 0000 | 4903 d24c | 8bd2 4933 | 1048 f7c2 | fcff ffff 
  0x0000013958d1f05c: 7426 f6c2 | 0275 2149 | f700 feff | ffff 7415 | 498b d249 | 3310 48f7 | c2fc ffff | ff74 0949 
  0x0000013958d1f07c: 8308 02eb | 0349 8910 | 488b 7424 | 1844 8b46 | 204d 85c0 

  0x0000013958d1f090: ;   {metadata(method data for {method} {0x0000013942679aa0} 'invoke' '(Ljava/lang/Object;Ljava/lang/Object;)Ljava/lang/Object;' in 'java/lang/invoke/LambdaForm$MH+0x00000139010acc00')}
  0x0000013958d1f090: 48be e09c | 6742 3901 | 0000 750c | 808e c101 | 0000 01e9 | b100 0000 | 418b 7808 | 49ba 0000 
  0x0000013958d1f0b0: 0000 3901 | 0000 4903 | fa48 3bbe | d001 0000 | 750d 4883 | 86d8 0100 | 0001 e960 | 0000 0048 
  0x0000013958d1f0d0: 3bbe e001 | 0000 750d | 4883 86e8 | 0100 0001 | e94a 0000 | 0048 83be | d001 0000 | 0075 1748 
  0x0000013958d1f0f0: 89be d001 | 0000 48c7 | 86d8 0100 | 0001 0000 | 00e9 2900 | 0000 4883 | bee0 0100 | 0000 7517 
  0x0000013958d1f110: 4889 bee0 | 0100 0048 | c786 e801 | 0000 0100 | 0000 e908 | 0000 0048 | 8386 c801 

  0x0000013958d1f12c: ;   {metadata('java/lang/invoke/MethodHandle')}
  0x0000013958d1f12c: 0000 0148 | bf98 821a | 0039 0100 | 0041 8b70 | 0849 ba00 | 0000 0039 | 0100 0049 | 03f2 483b 
  0x0000013958d1f14c: 7e38 0f85 | 5801 0000 | e900 0000 | 0049 8bd0 

  0x0000013958d1f15c: ; implicit exception: dispatches to 0x0000013958d1f2b5
                      ;   {metadata(method data for {method} {0x0000013942679aa0} 'invoke' '(Ljava/lang/Object;Ljava/lang/Object;)Ljava/lang/Object;' in 'java/lang/invoke/LambdaForm$MH+0x00000139010acc00')}
  0x0000013958d1f15c: 483b 0249 | b8e0 9c67 | 4239 0100 | 004d 8d80 | 2802 0000 | 4885 c075 | 0f41 f640 | 0801 7553 
  0x0000013958d1f17c: f049 8348 | 0801 eb4b | 8b70 0849 | ba00 0000 | 0039 0100 | 0049 03f2 | 4c8b d649 | 3370 0848 
  0x0000013958d1f19c: f7c6 fcff | ffff 742b | 40f6 c602 | 7525 49f7 | 4008 feff | ffff 7417 | 498b f249 | 3370 0848 
  0x0000013958d1f1bc: f7c6 fcff | ffff 740b | 4983 4808 | 02eb 0449 | 8970 084c 

  0x0000013958d1f1d0: ;   {metadata(method data for {method} {0x0000013942679aa0} 'invoke' '(Ljava/lang/Object;Ljava/lang/Object;)Ljava/lang/Object;' in 'java/lang/invoke/LambdaForm$MH+0x00000139010acc00')}
  0x0000013958d1f1d0: 8bc2 48be | e09c 6742 | 3901 0000 | 4883 86f8 | 0100 0001 

  0x0000013958d1f1e4: ;   {optimized virtual_call}
  0x0000013958d1f1e4: 4c8b c0e8 

  0x0000013958d1f1e8: ; ImmutableOopMap {}
                      ;*invokevirtual invokeBasic {reexecute=0 rethrow=0 return_oop=0}
                      ; - java.lang.invoke.LambdaForm$MH/0x00000139010acc00::invoke@31
  0x0000013958d1f1e8: 9425 8107 

  0x0000013958d1f1ec: ;   {other}
  0x0000013958d1f1ec: 0f1f 8400 | 6406 0001 

  0x0000013958d1f1f4: ;   {metadata(method data for {method} {0x0000013942679aa0} 'invoke' '(Ljava/lang/Object;Ljava/lang/Object;)Ljava/lang/Object;' in 'java/lang/invoke/LambdaForm$MH+0x00000139010acc00')}
  0x0000013958d1f1f4: 48be e09c | 6742 3901 | 0000 488d | b638 0200 | 0048 85c0 | 750c f606 | 0175 4df0 | 4883 0e01 
  0x0000013958d1f214: eb46 8b78 | 0849 ba00 | 0000 0039 | 0100 0049 | 03fa 4c8b | d748 333e | 48f7 c7fc | ffff ff74 
  0x0000013958d1f234: 2740 f6c7 | 0275 2148 | f706 feff | ffff 7415 | 498b fa48 | 333e 48f7 | c7fc ffff | ff74 0948 
  0x0000013958d1f254: 830e 02eb | 0348 893e | 4883 c430 

  0x0000013958d1f260: ;   {poll_return}
  0x0000013958d1f260: 5d49 3ba7 | 4804 0000 | 0f87 4c00 

  0x0000013958d1f26c: ;   {metadata({method} {0x0000013942679aa0} 'invoke' '(Ljava/lang/Object;Ljava/lang/Object;)Ljava/lang/Object;' in 'java/lang/invoke/LambdaForm$MH+0x00000139010acc00')}
  0x0000013958d1f26c: 0000 c349 | ba98 9a67 | 4239 0100 | 004c 8954 | 2408 48c7 | 0424 ffff 

  0x0000013958d1f284: ;   {runtime_call counter_overflow Runtime1 stub}
  0x0000013958d1f284: ffff e855 

  0x0000013958d1f288: ; ImmutableOopMap {rdx=Oop r8=Oop }
                      ;*synchronization entry
                      ; - java.lang.invoke.LambdaForm$MH/0x00000139010acc00::invoke@-1
  0x0000013958d1f288: b938 07e9 | 59fb ffff | 4889 1424 

  0x0000013958d1f294: ;   {runtime_call throw_class_cast_exception Runtime1 stub}
  0x0000013958d1f294: e8c7 8238 

  0x0000013958d1f298: ; ImmutableOopMap {r8=Oop }
                      ;*checkcast {reexecute=0 rethrow=0 return_oop=0}
                      ; - java.lang.invoke.LambdaForm$MH/0x00000139010acc00::invoke@1
                      ;   {runtime_call throw_null_pointer_exception Runtime1 stub}
  0x0000013958d1f298: 07e8 c25a 

  0x0000013958d1f29c: ; ImmutableOopMap {r8=Oop rsi=Oop }
                      ;*getfield argL1 {reexecute=1 rethrow=0 return_oop=0}
                      ; - (reexecute) java.lang.invoke.LambdaForm$MH/0x00000139010acc00::invoke@6
  0x0000013958d1f29c: 3807 4889 

  0x0000013958d1f2a0: ;   {runtime_call throw_class_cast_exception Runtime1 stub}
  0x0000013958d1f2a0: 1424 e8b9 

  0x0000013958d1f2a4: ; ImmutableOopMap {r8=Oop rsi=Oop }
                      ;*checkcast {reexecute=0 rethrow=0 return_oop=0}
                      ; - java.lang.invoke.LambdaForm$MH/0x00000139010acc00::invoke@11
                      ;   {runtime_call throw_null_pointer_exception Runtime1 stub}
  0x0000013958d1f2a4: 8238 07e8 

  0x0000013958d1f2a8: ; ImmutableOopMap {r8=Oop rsi=Oop rdx=Oop }
                      ;*invokevirtual invokeBasic {reexecute=0 rethrow=0 return_oop=0}
                      ; - java.lang.invoke.LambdaForm$MH/0x00000139010acc00::invoke@15
  0x0000013958d1f2a8: b45a 3807 | 4c89 0424 

  0x0000013958d1f2b0: ;   {runtime_call throw_class_cast_exception Runtime1 stub}
  0x0000013958d1f2b0: e8ab 8238 

  0x0000013958d1f2b4: ; ImmutableOopMap {rax=Oop }
                      ;*checkcast {reexecute=0 rethrow=0 return_oop=0}
                      ; - java.lang.invoke.LambdaForm$MH/0x00000139010acc00::invoke@27
                      ;   {runtime_call throw_null_pointer_exception Runtime1 stub}
  0x0000013958d1f2b4: 07e8 a65a 

  0x0000013958d1f2b8: ; ImmutableOopMap {rax=Oop rdx=Oop }
                      ;*invokevirtual invokeBasic {reexecute=0 rethrow=0 return_oop=0}
                      ; - java.lang.invoke.LambdaForm$MH/0x00000139010acc00::invoke@31
                      ;   {internal_word}
  0x0000013958d1f2b8: 3807 49ba | 61f2 d158 | 3901 0000 | 4d89 9760 

  0x0000013958d1f2c8: ;   {runtime_call SafepointBlob}
  0x0000013958d1f2c8: 0400 00e9 | 1075 2b07 | 498b 8700 | 0500 0049 | c787 0005 | 0000 0000 | 0000 49c7 | 8708 0500 
  0x0000013958d1f2e8: 0000 0000 | 0048 83c4 

  0x0000013958d1f2f0: ;   {runtime_call unwind_exception Runtime1 stub}
  0x0000013958d1f2f0: 305d e969 | 4b38 07f4 
[Stub Code]
  0x0000013958d1f2f8: ;   {no_reloc}
  0x0000013958d1f2f8: 48bb 0000 | 0000 0000 

  0x0000013958d1f300: ;   {runtime_call nmethod}
  0x0000013958d1f300: 0000 e9fb 

  0x0000013958d1f304: ;   {runtime_call handle_exception_from_callee Runtime1 stub}
  0x0000013958d1f304: ffff ffe8 | 547c 3807 

  0x0000013958d1f30c: ;   {external_word}
  0x0000013958d1f30c: 48b9 40e5 | 2371 fd7f | 0000 4883 

  0x0000013958d1f318: ;   {runtime_call}
  0x0000013958d1f318: e4f0 48b8 | 504d ea70 | fd7f 0000 

  0x0000013958d1f324: ;   {section_word}
  0x0000013958d1f324: ffd0 f449 | ba27 f3d1 | 5839 0100 

  0x0000013958d1f330: ;   {runtime_call DeoptimizationBlob}
  0x0000013958d1f330: 0041 52e9 | c888 2b07 
[Deopt MH Handler Code]
  0x0000013958d1f338: ;   {section_word}
  0x0000013958d1f338: 49ba 38f3 | d158 3901 | 0000 4152 

  0x0000013958d1f344: ;   {runtime_call DeoptimizationBlob}
  0x0000013958d1f344: e9b7 882b | 07f4 f4f4 | f4f4 f4f4 
[/MachCode]


Compiled method (c1) 7607 1799   !   3       jdk.internal.reflect.DirectConstructorHandleAccessor::newInstance (130 bytes)
 total in heap  [0x0000013958cc8d88,0x0000013958ccb5b0] = 10280
 relocation     [0x0000013958cc8e60,0x0000013958cc91a0] = 832
 main code      [0x0000013958cc91a0,0x0000013958ccb378] = 8664
 stub code      [0x0000013958ccb378,0x0000013958ccb508] = 400
 oops           [0x0000013958ccb508,0x0000013958ccb528] = 32
 metadata       [0x0000013958ccb528,0x0000013958ccb5b0] = 136
 immutable data [0x0000013946562620,0x00000139465636f0] = 4304
 dependencies   [0x0000013946562620,0x0000013946562648] = 40
 nul chk table  [0x0000013946562648,0x00000139465626e8] = 160
 handler table  [0x00000139465626e8,0x0000013946562d78] = 1680
 scopes pcs     [0x0000013946562d78,0x00000139465632f8] = 1408
 scopes data    [0x00000139465632f8,0x00000139465636f0] = 1016

[Constant Pool (empty)]

[MachCode]
[Instructions begin]
  0x0000013958cc91a0: 6666 660f | 1f84 0000 | 0000 0066 | 6666 9066 | 6690 448b | 5208 443b 

  0x0000013958cc91b8: ;   {runtime_call ic_miss_stub}
  0x0000013958cc91b8: 5008 0f85 | 2055 3007 
[Verified Entry Point]
  0x0000013958cc91c0: 8984 2400 | 80ff ff55 | 4881 ec20 | 0100 0090 | 4181 7f20 | 0100 0000 

  0x0000013958cc91d8: ;   {runtime_call StubRoutines (final stubs)}
  0x0000013958cc91d8: 7405 e881 | 112f 0748 | 8994 24a8 

  0x0000013958cc91e4: ;   {metadata(method data for {method} {0x000001390025b8c0} 'newInstance' '([Ljava/lang/Object;)Ljava/lang/Object;' in 'jdk/internal/reflect/DirectConstructorHandleAccessor')}
  0x0000013958cc91e4: 0000 0048 | be90 fb28 | 4239 0100 | 008b becc | 0000 0083 | c702 89be | cc00 0000 | 81e7 fe07 
  0x0000013958cc9204: 0000 85ff | 0f84 4b1c | 0000 4d85 

  0x0000013958cc9210: ;   {metadata(method data for {method} {0x000001390025b8c0} 'newInstance' '([Ljava/lang/Object;)Ljava/lang/Object;' in 'jdk/internal/reflect/DirectConstructorHandleAccessor')}
  0x0000013958cc9210: c048 be90 | fb28 4239 | 0100 00bf | 1801 0000 | 7405 bf28 | 0100 0048 | 8b04 3e48 | 8d40 0148 
  0x0000013958cc9230: 8904 3e0f | 8419 0000 | 0041 8b70 

  0x0000013958cc923c: ;   {metadata(method data for {method} {0x000001390025b8c0} 'newInstance' '([Ljava/lang/Object;)Ljava/lang/Object;' in 'jdk/internal/reflect/DirectConstructorHandleAccessor')}
  0x0000013958cc923c: 0c48 bf90 | fb28 4239 | 0100 00ff | 8738 0100 | 00e9 0500 | 0000 be00 | 0000 008b | 7a0c 3bf7 
  0x0000013958cc925c: ;   {metadata(method data for {method} {0x000001390025b8c0} 'newInstance' '([Ljava/lang/Object;)Ljava/lang/Object;' in 'jdk/internal/reflect/DirectConstructorHandleAccessor')}
  0x0000013958cc925c: 48b8 90fb | 2842 3901 | 0000 b950 | 0100 0074 | 05b9 6001 | 0000 488b | 1c08 488d | 5b01 4889 
  0x0000013958cc927c: 1c08 0f84 | 1404 0000 | 89b4 24a0 | 0000 000f | 1f44 0000 

  0x0000013958cc9290: ;   {no_reloc}
  0x0000013958cc9290: e9f9 1b00 | 0000 0000 | 0000 498b | 87b8 0100 | 0048 8d78 | 2849 3bbf | c801 0000 | 0f87 e61b 
  0x0000013958cc92b0: 0000 4989 | bfb8 0100 | 0048 c700 | 0100 0000 | 488b ca49 | ba00 0000 | 0039 0100 | 0049 2bca 
  0x0000013958cc92d0: 8948 0848 | 33c9 8948 | 0c48 33c9 | 4889 4810 | 4889 4818 | 4889 4820 | 4889 8424 | b000 0000 
  0x0000013958cc92f0: ;   {metadata('java/lang/StringBuilder')}
  0x0000013958cc92f0: 48ba 48a5 | 1600 3901 | 0000 498b | 87b8 0100 | 0048 8d78 | 1849 3bbf | c801 0000 | 0f87 931b 
  0x0000013958cc9310: 0000 4989 | bfb8 0100 | 0048 c700 | 0100 0000 | 488b ca49 | ba00 0000 | 0039 0100 | 0049 2bca 
  0x0000013958cc9330: 8948 0848 | 33c9 8948 | 0c48 33c9 | 4889 4810 

  0x0000013958cc9340: ;   {metadata(method data for {method} {0x000001390025b8c0} 'newInstance' '([Ljava/lang/Object;)Ljava/lang/Object;' in 'jdk/internal/reflect/DirectConstructorHandleAccessor')}
  0x0000013958cc9340: 4c8b c048 | ba90 fb28 | 4239 0100 | 0048 8382 | 7001 0000 

  0x0000013958cc9354: ;   {metadata(method data for {method} {0x0000013900492a50} '<init>' '()V' in 'java/lang/StringBuilder')}
  0x0000013958cc9354: 0149 b800 | 0101 4239 | 0100 0041 | 8b90 cc00 | 0000 83c2 | 0241 8990 | cc00 0000 | 81e2 feff 
  0x0000013958cc9374: 1f00 85d2 | 0f84 341b | 0000 4c8b 

  0x0000013958cc9380: ;   {metadata(method data for {method} {0x0000013900492a50} '<init>' '()V' in 'java/lang/StringBuilder')}
  0x0000013958cc9380: c048 ba00 | 0101 4239 | 0100 0048 | 8382 1801 | 0000 0141 | b810 0000 | 0048 8bd0 | 4889 8424 
  0x0000013958cc93a0: 9800 0000 

  0x0000013958cc93a4: ;   {optimized virtual_call}
  0x0000013958cc93a4: 6666 90e8 

  0x0000013958cc93a8: ; ImmutableOopMap {[152]=Oop [168]=Oop [176]=Oop }
                      ;*invokespecial <init> {reexecute=0 rethrow=0 return_oop=0}
                      ; - java.lang.StringBuilder::<init>@3 (line 106)
                      ; - jdk.internal.reflect.DirectConstructorHandleAccessor::newInstance@27 (line 59)
  0x0000013958cc93a8: 3458 3007 

  0x0000013958cc93ac: ;   {other}
  0x0000013958cc93ac: 0f1f 8400 | 2406 0000 | 488b 8424 | 9800 0000 

  0x0000013958cc93bc: ;   {metadata(method data for {method} {0x000001390025b8c0} 'newInstance' '([Ljava/lang/Object;)Ljava/lang/Object;' in 'jdk/internal/reflect/DirectConstructorHandleAccessor')}
  0x0000013958cc93bc: 49b8 90fb | 2842 3901 | 0000 4983 | 8080 0100 

  0x0000013958cc93cc: ;   {metadata(method data for {method} {0x0000013900492840} 'append' '(Ljava/lang/String;)Ljava/lang/StringBuilder;' in 'java/lang/StringBuilder')}
  0x0000013958cc93cc: 0001 49b8 | 2005 0142 | 3901 0000 | 418b 90cc | 0000 0083 | c202 4189 | 90cc 0000 | 0081 e2fe 
  0x0000013958cc93ec: ff1f 0085 | d20f 84dc | 1a00 0048 | 8b84 2498 

  0x0000013958cc93fc: ;   {metadata(method data for {method} {0x0000013900492840} 'append' '(Ljava/lang/String;)Ljava/lang/StringBuilder;' in 'java/lang/StringBuilder')}
  0x0000013958cc93fc: 0000 0049 | b820 0501 | 4239 0100 | 0049 8380 | 1801 0000 

  0x0000013958cc9410: ;   {oop("wrong number of arguments: "{0x00000000c6cea660})}
  0x0000013958cc9410: 0149 b860 | a6ce c600 | 0000 0048 | 8b94 2498 | 0000 000f 

  0x0000013958cc9424: ;   {optimized virtual_call}
  0x0000013958cc9424: 1f40 00e8 

  0x0000013958cc9428: ; ImmutableOopMap {[152]=Oop [168]=Oop [176]=Oop }
                      ;*invokespecial append {reexecute=0 rethrow=0 return_oop=0}
                      ; - java.lang.StringBuilder::append@2 (line 179)
                      ; - jdk.internal.reflect.DirectConstructorHandleAccessor::newInstance@32 (line 59)
  0x0000013958cc9428: b457 3007 

  0x0000013958cc942c: ;   {other}
  0x0000013958cc942c: 0f1f 8400 | a406 0001 | 488b 8424 | 9800 0000 

  0x0000013958cc943c: ;   {metadata(method data for {method} {0x000001390025b8c0} 'newInstance' '([Ljava/lang/Object;)Ljava/lang/Object;' in 'jdk/internal/reflect/DirectConstructorHandleAccessor')}
  0x0000013958cc943c: 49b8 90fb | 2842 3901 | 0000 4983 | 80b0 0100 

  0x0000013958cc944c: ;   {metadata(method data for {method} {0x00000139004925d8} 'append' '(I)Ljava/lang/StringBuilder;' in 'java/lang/StringBuilder')}
  0x0000013958cc944c: 0001 49b8 | 4809 0142 | 3901 0000 | 418b 90cc | 0000 0083 | c202 4189 | 90cc 0000 | 0081 e2fe 
  0x0000013958cc946c: ff1f 0085 | d20f 847d | 1a00 0048 | 8b84 2498 

  0x0000013958cc947c: ;   {metadata(method data for {method} {0x00000139004925d8} 'append' '(I)Ljava/lang/StringBuilder;' in 'java/lang/StringBuilder')}
  0x0000013958cc947c: 0000 0049 | b848 0901 | 4239 0100 | 0049 8380 | 1801 0000 | 0144 8b84 | 24a0 0000 | 0048 8b94 
  0x0000013958cc949c: 2498 0000 | 0066 0f1f 

  0x0000013958cc94a4: ;   {optimized virtual_call}
  0x0000013958cc94a4: 4400 00e8 

  0x0000013958cc94a8: ; ImmutableOopMap {[152]=Oop [168]=Oop [176]=Oop }
                      ;*invokespecial append {reexecute=0 rethrow=0 return_oop=0}
                      ; - java.lang.StringBuilder::append@2 (line 253)
                      ; - jdk.internal.reflect.DirectConstructorHandleAccessor::newInstance@36 (line 59)
  0x0000013958cc94a8: 3457 3007 

  0x0000013958cc94ac: ;   {other}
  0x0000013958cc94ac: 0f1f 8400 | 2407 0002 | 488b 8424 | 9800 0000 

  0x0000013958cc94bc: ;   {metadata(method data for {method} {0x000001390025b8c0} 'newInstance' '([Ljava/lang/Object;)Ljava/lang/Object;' in 'jdk/internal/reflect/DirectConstructorHandleAccessor')}
  0x0000013958cc94bc: 49b8 90fb | 2842 3901 | 0000 4983 | 80e0 0100 

  0x0000013958cc94cc: ;   {metadata(method data for {method} {0x0000013900492840} 'append' '(Ljava/lang/String;)Ljava/lang/StringBuilder;' in 'java/lang/StringBuilder')}
  0x0000013958cc94cc: 0001 49b8 | 2005 0142 | 3901 0000 | 418b 90cc | 0000 0083 | c202 4189 | 90cc 0000 | 0081 e2fe 
  0x0000013958cc94ec: ff1f 0085 | d20f 841e | 1a00 0048 | 8b84 2498 

  0x0000013958cc94fc: ;   {metadata(method data for {method} {0x0000013900492840} 'append' '(Ljava/lang/String;)Ljava/lang/StringBuilder;' in 'java/lang/StringBuilder')}
  0x0000013958cc94fc: 0000 0049 | b820 0501 | 4239 0100 | 0049 8380 | 1801 0000 

  0x0000013958cc9510: ;   {oop(" expected: "{0x00000000c6cea628})}
  0x0000013958cc9510: 0149 b828 | a6ce c600 | 0000 0048 | 8b94 2498 | 0000 000f 

  0x0000013958cc9524: ;   {optimized virtual_call}
  0x0000013958cc9524: 1f40 00e8 

  0x0000013958cc9528: ; ImmutableOopMap {[152]=Oop [168]=Oop [176]=Oop }
                      ;*invokespecial append {reexecute=0 rethrow=0 return_oop=0}
                      ; - java.lang.StringBuilder::append@2 (line 179)
                      ; - jdk.internal.reflect.DirectConstructorHandleAccessor::newInstance@41 (line 59)
  0x0000013958cc9528: b456 3007 

  0x0000013958cc952c: ;   {other}
  0x0000013958cc952c: 0f1f 8400 | a407 0003 | 488b 9424 | a800 0000 | 448b 420c | 488b 8424 | 9800 0000 

  0x0000013958cc9548: ;   {metadata(method data for {method} {0x000001390025b8c0} 'newInstance' '([Ljava/lang/Object;)Ljava/lang/Object;' in 'jdk/internal/reflect/DirectConstructorHandleAccessor')}
  0x0000013958cc9548: 48ba 90fb | 2842 3901 | 0000 4883 | 8210 0200 

  0x0000013958cc9558: ;   {metadata(method data for {method} {0x00000139004925d8} 'append' '(I)Ljava/lang/StringBuilder;' in 'java/lang/StringBuilder')}
  0x0000013958cc9558: 0001 48ba | 4809 0142 | 3901 0000 | 8bb2 cc00 | 0000 83c6 | 0289 b2cc | 0000 0081 | e6fe ff1f 
  0x0000013958cc9578: 0085 f60f | 84b5 1900 | 0048 8b84 | 2498 0000 

  0x0000013958cc9588: ;   {metadata(method data for {method} {0x00000139004925d8} 'append' '(I)Ljava/lang/StringBuilder;' in 'java/lang/StringBuilder')}
  0x0000013958cc9588: 0048 ba48 | 0901 4239 | 0100 0048 | 8382 1801 | 0000 0148 | 8b94 2498 | 0000 000f 

  0x0000013958cc95a4: ;   {optimized virtual_call}
  0x0000013958cc95a4: 1f40 00e8 

  0x0000013958cc95a8: ; ImmutableOopMap {[152]=Oop [176]=Oop }
                      ;*invokespecial append {reexecute=0 rethrow=0 return_oop=0}
                      ; - java.lang.StringBuilder::append@2 (line 253)
                      ; - jdk.internal.reflect.DirectConstructorHandleAccessor::newInstance@48 (line 59)
  0x0000013958cc95a8: 3456 3007 

  0x0000013958cc95ac: ;   {other}
  0x0000013958cc95ac: 0f1f 8400 | 2408 0004 | 488b 8424 | 9800 0000 

  0x0000013958cc95bc: ;   {metadata(method data for {method} {0x000001390025b8c0} 'newInstance' '([Ljava/lang/Object;)Ljava/lang/Object;' in 'jdk/internal/reflect/DirectConstructorHandleAccessor')}
  0x0000013958cc95bc: 49b8 90fb | 2842 3901 | 0000 4983 | 8040 0200 

  0x0000013958cc95cc: ;   {metadata(method data for {method} {0x000001390016ae60} 'toString' '()Ljava/lang/String;' in 'java/lang/StringBuilder')}
  0x0000013958cc95cc: 0001 49b8 | c80c 0142 | 3901 0000 | 458b 88cc | 0000 0041 | 83c1 0245 | 8988 cc00 | 0000 4181 
  0x0000013958cc95ec: e1fe ff1f | 0045 85c9 | 0f84 5d19 | 0000 488b | 8424 9800 

  0x0000013958cc9600: ;   {metadata(method data for {method} {0x000001390016ae60} 'toString' '()Ljava/lang/String;' in 'java/lang/StringBuilder')}
  0x0000013958cc9600: 0000 49b8 | c80c 0142 | 3901 0000 | 4983 8018 | 0100 0001 

  0x0000013958cc9614: ;   {metadata(method data for {method} {0x000001390016aeb8} 'length' '()I' in 'java/lang/StringBuilder')}
  0x0000013958cc9614: 49b8 800e | 0142 3901 | 0000 458b | 88cc 0000 | 0041 83c1 | 0245 8988 | cc00 0000 | 4181 e1fe 
  0x0000013958cc9634: ff1f 0045 | 85c9 0f84 | 3819 0000 | 488b 8424 | 9800 0000 

  0x0000013958cc9648: ;   {metadata(method data for {method} {0x000001390016aeb8} 'length' '()I' in 'java/lang/StringBuilder')}
  0x0000013958cc9648: 49b8 800e | 0142 3901 | 0000 4983 | 8018 0100 | 0001 488b | 9c24 9800 | 0000 448b | 430c 4585 
  0x0000013958cc9668: ;   {metadata(method data for {method} {0x000001390016ae60} 'toString' '()Ljava/lang/String;' in 'java/lang/StringBuilder')}
  0x0000013958cc9668: c049 b8c8 | 0c01 4239 | 0100 0041 | b948 0100 | 0075 0641 | b958 0100 | 004b 8b14 | 0848 8d52 
  0x0000013958cc9688: 014b 8914 | 080f 8535 | 1600 00e9 | 2116 0000 

  0x0000013958cc9698: ;   {metadata(method data for {method} {0x000001390025b8c0} 'newInstance' '([Ljava/lang/Object;)Ljava/lang/Object;' in 'jdk/internal/reflect/DirectConstructorHandleAccessor')}
  0x0000013958cc9698: 4c8b ca48 | be90 fb28 | 4239 0100 

  0x0000013958cc96a4: ;   {metadata('jdk/internal/reflect/DirectConstructorHandleAccessor')}
  0x0000013958cc96a4: 0049 ba80 | b625 0039 | 0100 004c | 8996 8802 | 0000 4883 | 8690 0200 

  0x0000013958cc96bc: ;   {metadata(method data for {method} {0x000001390025b9e0} 'invokeImpl' '([Ljava/lang/Object;)Ljava/lang/Object;' in 'jdk/internal/reflect/DirectConstructorHandleAccessor')}
  0x0000013958cc96bc: 0001 49b9 | a0ff 2842 | 3901 0000 | 418b b1cc | 0000 0083 | c602 4189 | b1cc 0000 | 0081 e6fe 
  0x0000013958cc96dc: ff1f 0085 | f60f 84b2 

  0x0000013958cc96e4: ;   {metadata(method data for {method} {0x000001390025b9e0} 'invokeImpl' '([Ljava/lang/Object;)Ljava/lang/Object;' in 'jdk/internal/reflect/DirectConstructorHandleAccessor')}
  0x0000013958cc96e4: 1800 0049 | b9a0 ff28 | 4239 0100 | 00be 2001 | 0000 85ff | 488b debe | 3001 0000 | 480f 45f3 
  0x0000013958cc9704: 83ff 0148 | 8bde be40 | 0100 0048 | 0f45 f383 | ff02 488b | debe 5001 | 0000 480f | 45f3 83ff 
  0x0000013958cc9724: 0348 8bde | be60 0100 | 0048 0f45 | f349 8b1c | 3141 ba01 | 0000 0049 | 03da 4989 | 1c31 85ff 
  0x0000013958cc9744: 0f84 100c | 0000 83ff | 010f 843f | 0600 0083 | ff02 0f84 | 0104 0000 | 83ff 030f | 84a7 0100 
  0x0000013958cc9764: 008b 7210 

  0x0000013958cc9768: ;   {no_reloc}
  0x0000013958cc9768: e95c 1800 | 0090 9090 | 9090 483b 

  0x0000013958cc9774: ;   {metadata(method data for {method} {0x000001390025b9e0} 'invokeImpl' '([Ljava/lang/Object;)Ljava/lang/Object;' in 'jdk/internal/reflect/DirectConstructorHandleAccessor')}
  0x0000013958cc9774: 0648 bfa0 | ff28 4239 | 0100 0048 | 8dbf 5803 | 0000 4d85 | c075 0ef6 | 4708 0175 | 53f0 4883 
  0x0000013958cc9794: 4f08 01eb | 4b41 8b58 | 0849 ba00 | 0000 0039 | 0100 0049 | 03da 4c8b | d348 335f | 0848 f7c3 
  0x0000013958cc97b4: fcff ffff | 742a f6c3 | 0275 2548 | f747 08fe | ffff ff74 | 1749 8bda | 4833 5f08 | 48f7 c3fc 
  0x0000013958cc97d4: ffff ff74 | 0b48 834f | 0802 eb04 | 4889 5f08 

  0x0000013958cc97e4: ;   {metadata(method data for {method} {0x000001390025b9e0} 'invokeImpl' '([Ljava/lang/Object;)Ljava/lang/Object;' in 'jdk/internal/reflect/DirectConstructorHandleAccessor')}
  0x0000013958cc97e4: 488b fe48 | bba0 ff28 | 4239 0100 | 008b 7f08 | 49ba 0000 | 0000 3901 | 0000 4903 | fa48 3bbb 
  0x0000013958cc9804: 3003 0000 | 750d 4883 | 8338 0300 | 0001 e960 | 0000 0048 | 3bbb 4003 | 0000 750d | 4883 8348 
  0x0000013958cc9824: 0300 0001 | e94a 0000 | 0048 83bb | 3003 0000 | 0075 1748 | 89bb 3003 | 0000 48c7 | 8338 0300 
  0x0000013958cc9844: 0001 0000 | 00e9 2900 | 0000 4883 | bb40 0300 | 0000 7517 | 4889 bb40 | 0300 0048 | c783 4803 
  0x0000013958cc9864: 0000 0100 | 0000 e908 | 0000 0048 | 8383 2803 | 0000 0148 | 8bd6 0f1f 

  0x0000013958cc987c: ;   {optimized virtual_call}
  0x0000013958cc987c: 4400 00e8 

  0x0000013958cc9880: ; ImmutableOopMap {[168]=Oop }
                      ;*invokevirtual invokeExact {reexecute=0 rethrow=0 return_oop=0}
                      ; - jdk.internal.reflect.DirectConstructorHandleAccessor::invokeImpl@99 (line 90)
                      ; - jdk.internal.reflect.DirectConstructorHandleAccessor::newInstance@60 (line 62)
  0x0000013958cc9880: 5c53 3007 

  0x0000013958cc9884: ;   {other}
  0x0000013958cc9884: 0f1f 8400 | fc0a 0005 

  0x0000013958cc988c: ;   {metadata(method data for {method} {0x000001390025b9e0} 'invokeImpl' '([Ljava/lang/Object;)Ljava/lang/Object;' in 'jdk/internal/reflect/DirectConstructorHandleAccessor')}
  0x0000013958cc988c: 49b8 a0ff | 2842 3901 | 0000 4d8d | 8068 0300 | 0048 85c0 | 750d 41f6 | 0001 754e | f049 8308 
  0x0000013958cc98ac: 01eb 4744 | 8b48 0849 | ba00 0000 | 0039 0100 | 004d 03ca | 4d8b d14d | 3308 49f7 | c1fc ffff 
  0x0000013958cc98cc: ff74 2741 | f6c1 0275 | 2149 f700 | feff ffff | 7415 4d8b | ca4d 3308 | 49f7 c1fc | ffff ff74 
  0x0000013958cc98ec: 0949 8308 | 02eb 034d | 8908 4881 | c420 0100 

  0x0000013958cc98fc: ;   {poll_return}
  0x0000013958cc98fc: 005d 493b | a748 0400 | 000f 87cd | 1600 00c3 | 8b5a 1041 | 8378 0c00 | 0f86 de16 | 0000 458b 
  0x0000013958cc991c: 4810 4183 | 780c 010f | 86e1 1600 | 0041 8b78 | 1441 8378 | 0c02 0f86 | e416 0000 | 418b 7018 
  0x0000013958cc993c: 0f1f 4000 

  0x0000013958cc9940: ;   {no_reloc}
  0x0000013958cc9940: e9f8 1600 | 0090 9090 | 9090 483b 

  0x0000013958cc994c: ;   {metadata(method data for {method} {0x000001390025b9e0} 'invokeImpl' '([Ljava/lang/Object;)Ljava/lang/Object;' in 'jdk/internal/reflect/DirectConstructorHandleAccessor')}
  0x0000013958cc994c: 0349 b8a0 | ff28 4239 | 0100 004d | 8d80 e002 | 0000 4d85 | c975 0f41 | f640 0801 | 7553 f049 
  0x0000013958cc996c: 8348 0801 | eb4b 418b | 4908 49ba | 0000 0000 | 3901 0000 | 4903 ca4c | 8bd1 4933 | 4808 48f7 
  0x0000013958cc998c: c1fc ffff | ff74 2af6 | c102 7525 | 49f7 4008 | feff ffff | 7417 498b | ca49 3348 | 0848 f7c1 
  0x0000013958cc99ac: fcff ffff | 740b 4983 | 4808 02eb | 0449 8948 | 0848 85ff | 750f 41f6 | 4018 0175 | 52f0 4983 
  0x0000013958cc99cc: 4818 01eb | 4a8b 4f08 | 49ba 0000 | 0000 3901 | 0000 4903 | ca4c 8bd1 | 4933 4818 | 48f7 c1fc 
  0x0000013958cc99ec: ffff ff74 | 2af6 c102 | 7525 49f7 | 4018 feff | ffff 7417 | 498b ca49 | 3348 1848 | f7c1 fcff 
  0x0000013958cc9a0c: ffff 740b | 4983 4818 | 02eb 0449 | 8948 184c 

  0x0000013958cc9a1c: ;   {metadata(method data for {method} {0x000001390025b9e0} 'invokeImpl' '([Ljava/lang/Object;)Ljava/lang/Object;' in 'jdk/internal/reflect/DirectConstructorHandleAccessor')}
  0x0000013958cc9a1c: 8bc3 48b9 | a0ff 2842 | 3901 0000 | 458b 4008 | 49ba 0000 | 0000 3901 | 0000 4d03 | c24c 3b81 
  0x0000013958cc9a3c: b802 0000 | 750d 4883 | 81c0 0200 | 0001 e960 | 0000 004c | 3b81 c802 | 0000 750d | 4883 81d0 
  0x0000013958cc9a5c: 0200 0001 | e94a 0000 | 0048 83b9 | b802 0000 | 0075 174c | 8981 b802 | 0000 48c7 | 81c0 0200 
  0x0000013958cc9a7c: 0001 0000 | 00e9 2900 | 0000 4883 | b9c8 0200 | 0000 7517 | 4c89 81c8 | 0200 0048 | c781 d002 
  0x0000013958cc9a9c: 0000 0100 | 0000 e908 | 0000 0048 | 8381 b002 | 0000 014d | 8bc1 4c8b | cf48 8bfe | 488b f048 
  0x0000013958cc9abc: ;   {optimized virtual_call}
  0x0000013958cc9abc: 8bd3 90e8 

  0x0000013958cc9ac0: ; ImmutableOopMap {[168]=Oop }
                      ;*invokevirtual invokeExact {reexecute=0 rethrow=0 return_oop=0}
                      ; - jdk.internal.reflect.DirectConstructorHandleAccessor::invokeImpl@88 (line 89)
                      ; - jdk.internal.reflect.DirectConstructorHandleAccessor::newInstance@60 (line 62)
  0x0000013958cc9ac0: 1c51 3007 

  0x0000013958cc9ac4: ;   {other}
  0x0000013958cc9ac4: 0f1f 8400 | 3c0d 0006 

  0x0000013958cc9acc: ;   {metadata(method data for {method} {0x000001390025b9e0} 'invokeImpl' '([Ljava/lang/Object;)Ljava/lang/Object;' in 'jdk/internal/reflect/DirectConstructorHandleAccessor')}
  0x0000013958cc9acc: 49b8 a0ff | 2842 3901 | 0000 4d8d | 8000 0300 | 0048 85c0 | 750d 41f6 | 0001 754e | f049 8308 
  0x0000013958cc9aec: 01eb 4744 | 8b48 0849 | ba00 0000 | 0039 0100 | 004d 03ca | 4d8b d14d | 3308 49f7 | c1fc ffff 
  0x0000013958cc9b0c: ff74 2741 | f6c1 0275 | 2149 f700 | feff ffff | 7415 4d8b | ca4d 3308 | 49f7 c1fc | ffff ff74 
  0x0000013958cc9b2c: 0949 8308 | 02eb 034d 

  0x0000013958cc9b34: ;   {metadata(method data for {method} {0x000001390025b9e0} 'invokeImpl' '([Ljava/lang/Object;)Ljava/lang/Object;' in 'jdk/internal/reflect/DirectConstructorHandleAccessor')}
  0x0000013958cc9b34: 8908 49b8 | a0ff 2842 | 3901 0000 | 41ff 8010 | 0300 0048 | 81c4 2001 

  0x0000013958cc9b4c: ;   {poll_return}
  0x0000013958cc9b4c: 0000 5d49 | 3ba7 4804 | 0000 0f87 | f014 0000 | c38b 7210 

  0x0000013958cc9b60: ; implicit exception: dispatches to 0x0000013958ccb062
  0x0000013958cc9b60: 4183 780c | 000f 8601 | 1500 0045 | 8b48 1041 | 8378 0c01 | 0f86 0415 | 0000 418b | 7814 6690 
  0x0000013958cc9b80: ;   {no_reloc}
  0x0000013958cc9b80: e91a 1500 | 0090 9090 | 9090 483b 

  0x0000013958cc9b8c: ;   {metadata(method data for {method} {0x000001390025b9e0} 'invokeImpl' '([Ljava/lang/Object;)Ljava/lang/Object;' in 'jdk/internal/reflect/DirectConstructorHandleAccessor')}
  0x0000013958cc9b8c: 0649 b8a0 | ff28 4239 | 0100 004d | 8d80 6802 | 0000 4d85 | c975 0f41 | f640 0801 | 7550 f049 
  0x0000013958cc9bac: 8348 0801 | eb48 418b | 4108 49ba | 0000 0000 | 3901 0000 | 4903 c24c | 8bd0 4933 | 4008 48a9 
  0x0000013958cc9bcc: fcff ffff | 7428 a802 | 7524 49f7 | 4008 feff | ffff 7416 | 498b c249 | 3340 0848 | a9fc ffff 
  0x0000013958cc9bec: ff74 0b49 | 8348 0802 | eb04 4989 | 4008 4885 | ff75 0f41 | f640 1801 | 754f f049 | 8348 1801 
  0x0000013958cc9c0c: eb47 8b47 | 0849 ba00 | 0000 0039 | 0100 0049 | 03c2 4c8b | d049 3340 | 1848 a9fc | ffff ff74 
  0x0000013958cc9c2c: 28a8 0275 | 2449 f740 | 18fe ffff | ff74 1649 | 8bc2 4933 | 4018 48a9 | fcff ffff | 740b 4983 
  0x0000013958cc9c4c: 4818 02eb | 0449 8940 | 184c 8bc6 

  0x0000013958cc9c58: ;   {metadata(method data for {method} {0x000001390025b9e0} 'invokeImpl' '([Ljava/lang/Object;)Ljava/lang/Object;' in 'jdk/internal/reflect/DirectConstructorHandleAccessor')}
  0x0000013958cc9c58: 48b8 a0ff | 2842 3901 | 0000 458b | 4008 49ba | 0000 0000 | 3901 0000 | 4d03 c24c | 3b80 4002 
  0x0000013958cc9c78: 0000 750d | 4883 8048 | 0200 0001 | e960 0000 | 004c 3b80 | 5002 0000 | 750d 4883 | 8058 0200 
  0x0000013958cc9c98: 0001 e94a | 0000 0048 | 83b8 4002 | 0000 0075 | 174c 8980 | 4002 0000 | 48c7 8048 | 0200 0001 
  0x0000013958cc9cb8: 0000 00e9 | 2900 0000 | 4883 b850 | 0200 0000 | 7517 4c89 | 8050 0200 | 0048 c780 | 5802 0000 
  0x0000013958cc9cd8: 0100 0000 | e908 0000 | 0048 8380 | 3802 0000 | 014d 8bc1 | 4c8b cf48 | 8bfb 488b 

  0x0000013958cc9cf4: ;   {optimized virtual_call}
  0x0000013958cc9cf4: d666 90e8 

  0x0000013958cc9cf8: ; ImmutableOopMap {[168]=Oop }
                      ;*invokevirtual invokeExact {reexecute=0 rethrow=0 return_oop=0}
                      ; - jdk.internal.reflect.DirectConstructorHandleAccessor::invokeImpl@69 (line 88)
                      ; - jdk.internal.reflect.DirectConstructorHandleAccessor::newInstance@60 (line 62)
  0x0000013958cc9cf8: e44e 3007 

  0x0000013958cc9cfc: ;   {other}
  0x0000013958cc9cfc: 0f1f 8400 | 740f 0007 

  0x0000013958cc9d04: ;   {metadata(method data for {method} {0x000001390025b9e0} 'invokeImpl' '([Ljava/lang/Object;)Ljava/lang/Object;' in 'jdk/internal/reflect/DirectConstructorHandleAccessor')}
  0x0000013958cc9d04: 48ba a0ff | 2842 3901 | 0000 488d | 9288 0200 | 0048 85c0 | 750c f602 | 0175 4df0 | 4883 0a01 
  0x0000013958cc9d24: eb46 8b70 | 0849 ba00 | 0000 0039 | 0100 0049 | 03f2 4c8b | d648 3332 | 48f7 c6fc | ffff ff74 
  0x0000013958cc9d44: 2740 f6c6 | 0275 2148 | f702 feff | ffff 7415 | 498b f248 | 3332 48f7 | c6fc ffff | ff74 0948 
  0x0000013958cc9d64: 830a 02eb | 0348 8932 

  0x0000013958cc9d6c: ;   {metadata(method data for {method} {0x000001390025b9e0} 'invokeImpl' '([Ljava/lang/Object;)Ljava/lang/Object;' in 'jdk/internal/reflect/DirectConstructorHandleAccessor')}
  0x0000013958cc9d6c: 48ba a0ff | 2842 3901 | 0000 ff82 | 9802 0000 | 4881 c420 | 0100 005d 

  0x0000013958cc9d84: ;   {poll_return}
  0x0000013958cc9d84: 493b a748 | 0400 000f | 871d 1300 | 00c3 8b72 | 1048 89b4 | 24c0 0000 | 0041 8378 | 0c00 0f86 
  0x0000013958cc9da4: 2613 0000 | 418b 7810 | 4889 bc24 | b800 0000 

  0x0000013958cc9db4: ;   {metadata(method data for {method} {0x000001390025b9e0} 'invokeImpl' '([Ljava/lang/Object;)Ljava/lang/Object;' in 'jdk/internal/reflect/DirectConstructorHandleAccessor')}
  0x0000013958cc9db4: 48bb a0ff | 2842 3901 | 0000 488d | 9b00 0200 | 0048 85ff | 750e f643 | 0801 754f | f048 834b 
  0x0000013958cc9dd4: 0801 eb47 | 8b47 0849 | ba00 0000 | 0039 0100 | 0049 03c2 | 4c8b d048 | 3343 0848 | a9fc ffff 
  0x0000013958cc9df4: ff74 28a8 | 0275 2448 | f743 08fe | ffff ff74 | 1649 8bc2 | 4833 4308 | 48a9 fcff | ffff 740b 
  0x0000013958cc9e14: 4883 4b08 | 02eb 0448 

  0x0000013958cc9e1c: ;   {metadata(method data for {method} {0x00000139001e0f78} 'invokeExact_MT' '(Ljava/lang/Object;Ljava/lang/Object;Ljava/lang/Object;)Ljava/lang/Object;' in 'java/lang/invoke/Invokers$Holder')}
  0x0000013958cc9e1c: 8943 0848 | bbf0 0529 | 4239 0100 | 0048 8d9b | 9002 0000 | 4885 f675 | 0cf6 0301 | 7549 f048 
  0x0000013958cc9e3c: 830b 01eb | 428b 4608 | 49ba 0000 | 0000 3901 | 0000 4903 | c24c 8bd0 | 4833 0348 | a9fc ffff 
  0x0000013958cc9e5c: ff74 24a8 | 0275 2048 | f703 feff | ffff 7414 | 498b c248 | 3303 48a9 | fcff ffff | 7409 4883 
  0x0000013958cc9e7c: 0b02 eb03 | 4889 0348 | 85ff 750e | f643 1001 | 754f f048 | 834b 1001 | eb47 8b47 | 0849 ba00 
  0x0000013958cc9e9c: 0000 0039 | 0100 0049 | 03c2 4c8b | d048 3343 | 1048 a9fc | ffff ff74 | 28a8 0275 | 2448 f743 
  0x0000013958cc9ebc: 10fe ffff | ff74 1649 | 8bc2 4833 | 4310 48a9 | fcff ffff | 740b 4883 | 4b10 02eb | 0448 8943 
  0x0000013958cc9edc: ;   {metadata(method data for {method} {0x000001390025b9e0} 'invokeImpl' '([Ljava/lang/Object;)Ljava/lang/Object;' in 'jdk/internal/reflect/DirectConstructorHandleAccessor')}
  0x0000013958cc9edc: 1048 bba0 | ff28 4239 | 0100 0048 | 8383 d001 

  0x0000013958cc9eec: ;   {metadata(method data for {method} {0x00000139001e0f78} 'invokeExact_MT' '(Ljava/lang/Object;Ljava/lang/Object;Ljava/lang/Object;)Ljava/lang/Object;' in 'java/lang/invoke/Invokers$Holder')}
  0x0000013958cc9eec: 0000 0148 | bbf0 0529 | 4239 0100 | 008b 83cc | 0000 0083 | c002 8983 | cc00 0000 | 25fe ff1f 
  0x0000013958cc9f0c: 0085 c00f | 84cb 1100 

  0x0000013958cc9f14: ;   {metadata(method data for {method} {0x00000139001e0f78} 'invokeExact_MT' '(Ljava/lang/Object;Ljava/lang/Object;Ljava/lang/Object;)Ljava/lang/Object;' in 'java/lang/invoke/Invokers$Holder')}
  0x0000013958cc9f14: 0048 bbf0 | 0529 4239 | 0100 0048 | 8d9b 8801 | 0000 4885 | f675 0ef6 | 4308 0175 | 4ff0 4883 
  0x0000013958cc9f34: 4b08 01eb | 478b 4608 | 49ba 0000 | 0000 3901 | 0000 4903 | c24c 8bd0 | 4833 4308 | 48a9 fcff 
  0x0000013958cc9f54: ffff 7428 | a802 7524 | 48f7 4308 | feff ffff | 7416 498b | c248 3343 | 0848 a9fc | ffff ff74 
  0x0000013958cc9f74: 0b48 834b | 0802 eb04 | 4889 4308 

  0x0000013958cc9f80: ;   {metadata(method data for {method} {0x00000139001e0f78} 'invokeExact_MT' '(Ljava/lang/Object;Ljava/lang/Object;Ljava/lang/Object;)Ljava/lang/Object;' in 'java/lang/invoke/Invokers$Holder')}
  0x0000013958cc9f80: 48bb f005 | 2942 3901 | 0000 4883 | 8378 0100 

  0x0000013958cc9f90: ;   {metadata(method data for {method} {0x0000013900448928} 'checkExactType' '(Ljava/lang/invoke/MethodHandle;Ljava/lang/invoke/MethodType;)V' in 'java/lang/invoke/Invokers')}
  0x0000013958cc9f90: 0001 48bb | 6088 2742 | 3901 0000 | 8b83 cc00 | 0000 83c0 | 0289 83cc | 0000 0025 | feff 1f00 
  0x0000013958cc9fb0: 85c0 0f84 | 4911 0000 

  0x0000013958cc9fb8: ; implicit exception: dispatches to 0x0000013958ccb122
  0x0000013958cc9fb8: 483b 0648 

  0x0000013958cc9fbc: ;   {metadata(method data for {method} {0x0000013900448928} 'checkExactType' '(Ljava/lang/invoke/MethodHandle;Ljava/lang/invoke/MethodType;)V' in 'java/lang/invoke/Invokers')}
  0x0000013958cc9fbc: 8bde 48b8 | 6088 2742 | 3901 0000 | 8b5b 0849 | ba00 0000 | 0039 0100 | 0049 03da | 483b 9820 
  0x0000013958cc9fdc: 0100 0075 | 0d48 8380 | 2801 0000 | 01e9 6000 | 0000 483b | 9830 0100 | 0075 0d48 | 8380 3801 
  0x0000013958cc9ffc: 0000 01e9 | 4a00 0000 | 4883 b820 | 0100 0000 | 7517 4889 | 9820 0100 | 0048 c780 | 2801 0000 
  0x0000013958cca01c: 0100 0000 | e929 0000 | 0048 83b8 | 3001 0000 | 0075 1748 | 8998 3001 | 0000 48c7 | 8038 0100 
  0x0000013958cca03c: 0001 0000 | 00e9 0800 | 0000 4883 | 8018 0100 | 0001 8b5e 

  0x0000013958cca050: ;   {oop(a 'java/lang/invoke/MethodType'{0x00000000c4f7ca68} = (Ljava/lang/Object;)Ljava/lang/Object;)}
  0x0000013958cca050: 1048 b868 | caf7 c400 | 0000 0048 

  0x0000013958cca05c: ;   {metadata(method data for {method} {0x0000013900448928} 'checkExactType' '(Ljava/lang/invoke/MethodHandle;Ljava/lang/invoke/MethodType;)V' in 'java/lang/invoke/Invokers')}
  0x0000013958cca05c: 3bd8 48b8 | 6088 2742 | 3901 0000 | b958 0100 | 0075 05b9 | 4801 0000 | 4c8b 0408 | 4d8d 4001 
  0x0000013958cca07c: 4c89 0408 | 0f85 d107 

  0x0000013958cca084: ;   {metadata(method data for {method} {0x00000139001e0f78} 'invokeExact_MT' '(Ljava/lang/Object;Ljava/lang/Object;Ljava/lang/Object;)Ljava/lang/Object;' in 'java/lang/invoke/Invokers$Holder')}
  0x0000013958cca084: 0000 48bb | f005 2942 | 3901 0000 | 488d 9bc0 | 0100 008b | 4608 49ba | 0000 0000 | 3901 0000 
  0x0000013958cca0a4: 4903 c24c | 8bd0 4833 | 4308 48a9 | fcff ffff | 7428 a802 | 7524 48f7 | 4308 feff | ffff 7416 
  0x0000013958cca0c4: 498b c248 | 3343 0848 | a9fc ffff | ff74 0b48 | 834b 0802 | eb04 4889 

  0x0000013958cca0dc: ;   {metadata(method data for {method} {0x00000139001e0f78} 'invokeExact_MT' '(Ljava/lang/Object;Ljava/lang/Object;Ljava/lang/Object;)Ljava/lang/Object;' in 'java/lang/invoke/Invokers$Holder')}
  0x0000013958cca0dc: 4308 48bb | f005 2942 | 3901 0000 | 4883 83b0 | 0100 0001 

  0x0000013958cca0f0: ;   {metadata(method data for {method} {0x0000013900448820} 'checkCustomized' '(Ljava/lang/invoke/MethodHandle;)V' in 'java/lang/invoke/Invokers')}
  0x0000013958cca0f0: 48bb 908c | 2742 3901 | 0000 8b83 | cc00 0000 | 83c0 0289 | 83cc 0000 | 0025 feff | 1f00 85c0 
  0x0000013958cca110: 0f84 1110 

  0x0000013958cca114: ;   {metadata(method data for {method} {0x0000013900448820} 'checkCustomized' '(Ljava/lang/invoke/MethodHandle;)V' in 'java/lang/invoke/Invokers')}
  0x0000013958cca114: 0000 48bb | 908c 2742 | 3901 0000 | 4883 8318 | 0100 0001 

  0x0000013958cca128: ;   {metadata(method data for {method} {0x00000139001d0a90} 'isCompileConstant' '(Ljava/lang/Object;)Z' in 'java/lang/invoke/MethodHandleImpl')}
  0x0000013958cca128: 48bb 488e | 2742 3901 | 0000 8b83 | cc00 0000 | 83c0 0289 | 83cc 0000 | 0025 feff | 1f00 85c0 
  0x0000013958cca148: 0f84 fa0f 

  0x0000013958cca14c: ;   {metadata(method data for {method} {0x0000013900448820} 'checkCustomized' '(Ljava/lang/invoke/MethodHandle;)V' in 'java/lang/invoke/Invokers')}
  0x0000013958cca14c: 0000 48bb | 908c 2742 | 3901 0000 | ff83 2801 | 0000 8b5e | 148b 5b1c 

  0x0000013958cca164: ;   {metadata(method data for {method} {0x0000013900448820} 'checkCustomized' '(Ljava/lang/invoke/MethodHandle;)V' in 'java/lang/invoke/Invokers')}
  0x0000013958cca164: 4885 db48 | bb90 8c27 | 4239 0100 | 00b8 4801 | 0000 7505 | b858 0100 | 0048 8b0c | 0348 8d49 
  0x0000013958cca184: 0148 890c | 030f 8525 

  0x0000013958cca18c: ;   {metadata(method data for {method} {0x0000013900448820} 'checkCustomized' '(Ljava/lang/invoke/MethodHandle;)V' in 'java/lang/invoke/Invokers')}
  0x0000013958cca18c: 0000 0048 | bb90 8c27 | 4239 0100 | 0048 8383 | 6801 0000 | 0148 8bd6 

  0x0000013958cca1a4: ;   {static_call}
  0x0000013958cca1a4: 6666 90e8 

  0x0000013958cca1a8: ; ImmutableOopMap {[168]=Oop [184]=Oop [192]=Oop }
                      ;*invokestatic maybeCustomize {reexecute=0 rethrow=0 return_oop=0}
                      ; - java.lang.invoke.Invokers::checkCustomized@19 (line 626)
                      ; - java.lang.invoke.Invokers$Holder::invokeExact_MT@14
                      ; - jdk.internal.reflect.DirectConstructorHandleAccessor::invokeImpl@53 (line 87)
                      ; - jdk.internal.reflect.DirectConstructorHandleAccessor::newInstance@60 (line 62)
  0x0000013958cca1a8: f437 fcff 

  0x0000013958cca1ac: ;   {other}
  0x0000013958cca1ac: 0f1f 8400 | 2414 0008 | 488b bc24 | b800 0000 

  0x0000013958cca1bc: ;   {metadata(method data for {method} {0x00000139001e0f78} 'invokeExact_MT' '(Ljava/lang/Object;Ljava/lang/Object;Ljava/lang/Object;)Ljava/lang/Object;' in 'java/lang/invoke/Invokers$Holder')}
  0x0000013958cca1bc: 49b8 f005 | 2942 3901 | 0000 4d8d | 8008 0200 | 0048 85ff | 750f 41f6 | 4008 0175 | 52f0 4983 
  0x0000013958cca1dc: 4808 01eb | 4a8b 5708 | 49ba 0000 | 0000 3901 | 0000 4903 | d24c 8bd2 | 4933 5008 | 48f7 c2fc 
  0x0000013958cca1fc: ffff ff74 | 2af6 c202 | 7525 49f7 | 4008 feff | ffff 7417 | 498b d249 | 3350 0848 | f7c2 fcff 
  0x0000013958cca21c: ffff 740b | 4983 4808 | 02eb 0449 | 8950 0848 | 8bb4 24c0 

  0x0000013958cca230: ;   {metadata(method data for {method} {0x00000139001e0f78} 'invokeExact_MT' '(Ljava/lang/Object;Ljava/lang/Object;Ljava/lang/Object;)Ljava/lang/Object;' in 'java/lang/invoke/Invokers$Holder')}
  0x0000013958cca230: 0000 0049 | b8f0 0529 | 4239 0100 | 0049 8380 | d801 0000 | 014c 8bc7 | 488b 9424 | c000 0000 
  0x0000013958cca250: 0f1f 8000 

  0x0000013958cca254: ;   {optimized virtual_call}
  0x0000013958cca254: 0000 00e8 

  0x0000013958cca258: ; ImmutableOopMap {[168]=Oop }
                      ;*invokevirtual invokeBasic {reexecute=0 rethrow=0 return_oop=0}
                      ; - java.lang.invoke.Invokers$Holder::invokeExact_MT@19
                      ; - jdk.internal.reflect.DirectConstructorHandleAccessor::invokeImpl@53 (line 87)
                      ; - jdk.internal.reflect.DirectConstructorHandleAccessor::newInstance@60 (line 62)
  0x0000013958cca258: 2475 8607 

  0x0000013958cca25c: ;   {other}
  0x0000013958cca25c: 0f1f 8400 | d414 0009 

  0x0000013958cca264: ;   {metadata(method data for {method} {0x00000139001e0f78} 'invokeExact_MT' '(Ljava/lang/Object;Ljava/lang/Object;Ljava/lang/Object;)Ljava/lang/Object;' in 'java/lang/invoke/Invokers$Holder')}
  0x0000013958cca264: 48ba f005 | 2942 3901 | 0000 488d | 9218 0200 | 0048 85c0 | 750c f602 | 0175 4df0 | 4883 0a01 
  0x0000013958cca284: eb46 8b70 | 0849 ba00 | 0000 0039 | 0100 0049 | 03f2 4c8b | d648 3332 | 48f7 c6fc | ffff ff74 
  0x0000013958cca2a4: 2740 f6c6 | 0275 2148 | f702 feff | ffff 7415 | 498b f248 | 3332 48f7 | c6fc ffff | ff74 0948 
  0x0000013958cca2c4: 830a 02eb | 0348 8932 

  0x0000013958cca2cc: ;   {metadata(method data for {method} {0x000001390025b9e0} 'invokeImpl' '([Ljava/lang/Object;)Ljava/lang/Object;' in 'jdk/internal/reflect/DirectConstructorHandleAccessor')}
  0x0000013958cca2cc: 48ba a0ff | 2842 3901 | 0000 488d | 9210 0200 | 0048 85c0 | 750c f602 | 0175 4df0 | 4883 0a01 
  0x0000013958cca2ec: eb46 8b70 | 0849 ba00 | 0000 0039 | 0100 0049 | 03f2 4c8b | d648 3332 | 48f7 c6fc | ffff ff74 
  0x0000013958cca30c: 2740 f6c6 | 0275 2148 | f702 feff | ffff 7415 | 498b f248 | 3332 48f7 | c6fc ffff | ff74 0948 
  0x0000013958cca32c: 830a 02eb | 0348 8932 

  0x0000013958cca334: ;   {metadata(method data for {method} {0x000001390025b9e0} 'invokeImpl' '([Ljava/lang/Object;)Ljava/lang/Object;' in 'jdk/internal/reflect/DirectConstructorHandleAccessor')}
  0x0000013958cca334: 48ba a0ff | 2842 3901 | 0000 ff82 | 2002 0000 | 4881 c420 | 0100 005d 

  0x0000013958cca34c: ;   {poll_return}
  0x0000013958cca34c: 493b a748 | 0400 000f | 8715 0e00 | 00c3 8b72 | 1048 89b4 | 24c8 0000 

  0x0000013958cca364: ;   {metadata(method data for {method} {0x00000139001e0e70} 'invokeExact_MT' '(Ljava/lang/Object;Ljava/lang/Object;)Ljava/lang/Object;' in 'java/lang/invoke/Invokers$Holder')}
  0x0000013958cca364: 0048 bf60 | 0329 4239 | 0100 0048 | 8dbf 7802 | 0000 4885 | f675 0cf6 | 0701 754c | f048 830f 
  0x0000013958cca384: 01eb 458b | 5e08 49ba | 0000 0000 | 3901 0000 | 4903 da4c | 8bd3 4833 | 1f48 f7c3 | fcff ffff 
  0x0000013958cca3a4: 7426 f6c3 | 0275 2148 | f707 feff | ffff 7415 | 498b da48 | 331f 48f7 | c3fc ffff | ff74 0948 
  0x0000013958cca3c4: 830f 02eb | 0348 891f 

  0x0000013958cca3cc: ;   {oop(a 'java/lang/invoke/MethodType'{0x00000000c4f7c870} = ()Ljava/lang/Object;)}
  0x0000013958cca3cc: 48bb 70c8 | f7c4 0000 

  0x0000013958cca3d4: ;   {metadata('java/lang/invoke/MethodType')}
  0x0000013958cca3d4: 0000 48b8 | c074 1a00 | 3901 0000 | 4c8b d048 | 3347 1048 | a9fc ffff | ff74 28a8 | 0275 2448 
  0x0000013958cca3f4: f747 10fe | ffff ff74 | 1649 8bc2 | 4833 4710 | 48a9 fcff | ffff 740b | 4883 4f10 | 02eb 0448 
  0x0000013958cca414: ;   {metadata(method data for {method} {0x000001390025b9e0} 'invokeImpl' '([Ljava/lang/Object;)Ljava/lang/Object;' in 'jdk/internal/reflect/DirectConstructorHandleAccessor')}
  0x0000013958cca414: 8947 1048 | bfa0 ff28 | 4239 0100 | 0048 8387 | 7801 0000 

  0x0000013958cca428: ;   {metadata(method data for {method} {0x00000139001e0e70} 'invokeExact_MT' '(Ljava/lang/Object;Ljava/lang/Object;)Ljava/lang/Object;' in 'java/lang/invoke/Invokers$Holder')}
  0x0000013958cca428: 0148 bf60 | 0329 4239 | 0100 008b | 87cc 0000 | 0083 c002 | 8987 cc00 | 0000 25fe | ff1f 0085 
  0x0000013958cca448: c00f 8435 

  0x0000013958cca44c: ;   {metadata(method data for {method} {0x00000139001e0e70} 'invokeExact_MT' '(Ljava/lang/Object;Ljava/lang/Object;)Ljava/lang/Object;' in 'java/lang/invoke/Invokers$Holder')}
  0x0000013958cca44c: 0d00 0048 | bf60 0329 | 4239 0100 | 0048 8dbf | 8801 0000 | 4885 f675 | 0ef6 4708 | 0175 4ff0 
  0x0000013958cca46c: 4883 4f08 | 01eb 478b | 4608 49ba | 0000 0000 | 3901 0000 | 4903 c24c | 8bd0 4833 | 4708 48a9 
  0x0000013958cca48c: fcff ffff | 7428 a802 | 7524 48f7 | 4708 feff | ffff 7416 | 498b c248 | 3347 0848 | a9fc ffff 
  0x0000013958cca4ac: ff74 0b48 | 834f 0802 | eb04 4889 

  0x0000013958cca4b8: ;   {metadata(method data for {method} {0x00000139001e0e70} 'invokeExact_MT' '(Ljava/lang/Object;Ljava/lang/Object;)Ljava/lang/Object;' in 'java/lang/invoke/Invokers$Holder')}
  0x0000013958cca4b8: 4708 48bf | 6003 2942 | 3901 0000 | 4883 8778 | 0100 0001 

  0x0000013958cca4cc: ;   {metadata(method data for {method} {0x0000013900448928} 'checkExactType' '(Ljava/lang/invoke/MethodHandle;Ljava/lang/invoke/MethodType;)V' in 'java/lang/invoke/Invokers')}
  0x0000013958cca4cc: 48bf 6088 | 2742 3901 | 0000 8b87 | cc00 0000 | 83c0 0289 | 87cc 0000 | 0025 feff | 1f00 85c0 
  0x0000013958cca4ec: 0f84 b30c | 0000 483b | 0648 8bfe 

  0x0000013958cca4f8: ;   {metadata(method data for {method} {0x0000013900448928} 'checkExactType' '(Ljava/lang/invoke/MethodHandle;Ljava/lang/invoke/MethodType;)V' in 'java/lang/invoke/Invokers')}
  0x0000013958cca4f8: 48b8 6088 | 2742 3901 | 0000 8b7f | 0849 ba00 | 0000 0039 | 0100 0049 | 03fa 483b | b820 0100 
  0x0000013958cca518: 0075 0d48 | 8380 2801 | 0000 01e9 | 6000 0000 | 483b b830 | 0100 0075 | 0d48 8380 | 3801 0000 
  0x0000013958cca538: 01e9 4a00 | 0000 4883 | b820 0100 | 0000 7517 | 4889 b820 | 0100 0048 | c780 2801 | 0000 0100 
  0x0000013958cca558: 0000 e929 | 0000 0048 | 83b8 3001 | 0000 0075 | 1748 89b8 | 3001 0000 | 48c7 8038 | 0100 0001 
  0x0000013958cca578: 0000 00e9 | 0800 0000 | 4883 8018 | 0100 0001 | 8b7e 1048 

  0x0000013958cca58c: ;   {metadata(method data for {method} {0x0000013900448928} 'checkExactType' '(Ljava/lang/invoke/MethodHandle;Ljava/lang/invoke/MethodType;)V' in 'java/lang/invoke/Invokers')}
  0x0000013958cca58c: 3bfb 48bb | 6088 2742 | 3901 0000 | b858 0100 | 0075 05b8 | 4801 0000 | 488b 0c03 | 488d 4901 
  0x0000013958cca5ac: 4889 0c03 | 0f85 5e02 

  0x0000013958cca5b4: ;   {metadata(method data for {method} {0x00000139001e0e70} 'invokeExact_MT' '(Ljava/lang/Object;Ljava/lang/Object;)Ljava/lang/Object;' in 'java/lang/invoke/Invokers$Holder')}
  0x0000013958cca5b4: 0000 48bf | 6003 2942 | 3901 0000 | 488d bfc0 | 0100 008b | 5e08 49ba | 0000 0000 | 3901 0000 
  0x0000013958cca5d4: 4903 da4c | 8bd3 4833 | 5f08 48f7 | c3fc ffff | ff74 2af6 | c302 7525 | 48f7 4708 | feff ffff 
  0x0000013958cca5f4: 7417 498b | da48 335f | 0848 f7c3 | fcff ffff | 740b 4883 | 4f08 02eb | 0448 895f 

  0x0000013958cca610: ;   {metadata(method data for {method} {0x00000139001e0e70} 'invokeExact_MT' '(Ljava/lang/Object;Ljava/lang/Object;)Ljava/lang/Object;' in 'java/lang/invoke/Invokers$Holder')}
  0x0000013958cca610: 0848 bf60 | 0329 4239 | 0100 0048 | 8387 b001 

  0x0000013958cca620: ;   {metadata(method data for {method} {0x0000013900448820} 'checkCustomized' '(Ljava/lang/invoke/MethodHandle;)V' in 'java/lang/invoke/Invokers')}
  0x0000013958cca620: 0000 0148 | bf90 8c27 | 4239 0100 | 008b 9fcc | 0000 0083 | c302 899f | cc00 0000 | 81e3 feff 
  0x0000013958cca640: 1f00 85db | 0f84 810b 

  0x0000013958cca648: ;   {metadata(method data for {method} {0x0000013900448820} 'checkCustomized' '(Ljava/lang/invoke/MethodHandle;)V' in 'java/lang/invoke/Invokers')}
  0x0000013958cca648: 0000 48bf | 908c 2742 | 3901 0000 | 4883 8718 | 0100 0001 

  0x0000013958cca65c: ;   {metadata(method data for {method} {0x00000139001d0a90} 'isCompileConstant' '(Ljava/lang/Object;)Z' in 'java/lang/invoke/MethodHandleImpl')}
  0x0000013958cca65c: 48bf 488e | 2742 3901 | 0000 8b9f | cc00 0000 | 83c3 0289 | 9fcc 0000 | 0081 e3fe | ff1f 0085 
  0x0000013958cca67c: db0f 8469 

  0x0000013958cca680: ;   {metadata(method data for {method} {0x0000013900448820} 'checkCustomized' '(Ljava/lang/invoke/MethodHandle;)V' in 'java/lang/invoke/Invokers')}
  0x0000013958cca680: 0b00 0048 | bf90 8c27 | 4239 0100 | 00ff 8728 | 0100 008b | 7e14 8b7f | 1c48 85ff 

  0x0000013958cca69c: ;   {metadata(method data for {method} {0x0000013900448820} 'checkCustomized' '(Ljava/lang/invoke/MethodHandle;)V' in 'java/lang/invoke/Invokers')}
  0x0000013958cca69c: 48bf 908c | 2742 3901 | 0000 bb48 | 0100 0075 | 05bb 5801 | 0000 488b | 041f 488d | 4001 4889 
  0x0000013958cca6bc: 041f 0f85 | 2800 0000 

  0x0000013958cca6c4: ;   {metadata(method data for {method} {0x0000013900448820} 'checkCustomized' '(Ljava/lang/invoke/MethodHandle;)V' in 'java/lang/invoke/Invokers')}
  0x0000013958cca6c4: 48bf 908c | 2742 3901 | 0000 4883 | 8768 0100 | 0001 488b | d666 0f1f 

  0x0000013958cca6dc: ;   {static_call}
  0x0000013958cca6dc: 4400 00e8 

  0x0000013958cca6e0: ; ImmutableOopMap {[168]=Oop [200]=Oop }
                      ;*invokestatic maybeCustomize {reexecute=0 rethrow=0 return_oop=0}
                      ; - java.lang.invoke.Invokers::checkCustomized@19 (line 626)
                      ; - java.lang.invoke.Invokers$Holder::invokeExact_MT@14
                      ; - jdk.internal.reflect.DirectConstructorHandleAccessor::invokeImpl@40 (line 86)
                      ; - jdk.internal.reflect.DirectConstructorHandleAccessor::newInstance@60 (line 62)
  0x0000013958cca6e0: bc32 fcff 

  0x0000013958cca6e4: ;   {other}
  0x0000013958cca6e4: 0f1f 8400 | 5c19 000a | 488b b424 | c800 0000 

  0x0000013958cca6f4: ;   {metadata(method data for {method} {0x00000139001e0e70} 'invokeExact_MT' '(Ljava/lang/Object;Ljava/lang/Object;)Ljava/lang/Object;' in 'java/lang/invoke/Invokers$Holder')}
  0x0000013958cca6f4: 48ba 6003 | 2942 3901 | 0000 4883 | 82d8 0100 | 0001 488b | 9424 c800 

  0x0000013958cca70c: ;   {optimized virtual_call}
  0x0000013958cca70c: 0000 90e8 

  0x0000013958cca710: ; ImmutableOopMap {[168]=Oop }
                      ;*invokevirtual invokeBasic {reexecute=0 rethrow=0 return_oop=0}
                      ; - java.lang.invoke.Invokers$Holder::invokeExact_MT@18
                      ; - jdk.internal.reflect.DirectConstructorHandleAccessor::invokeImpl@40 (line 86)
                      ; - jdk.internal.reflect.DirectConstructorHandleAccessor::newInstance@60 (line 62)
  0x0000013958cca710: 6c25 8507 

  0x0000013958cca714: ;   {other}
  0x0000013958cca714: 0f1f 8400 | 8c19 000b 

  0x0000013958cca71c: ;   {metadata(method data for {method} {0x00000139001e0e70} 'invokeExact_MT' '(Ljava/lang/Object;Ljava/lang/Object;)Ljava/lang/Object;' in 'java/lang/invoke/Invokers$Holder')}
  0x0000013958cca71c: 48ba 6003 | 2942 3901 | 0000 488d | 9208 0200 | 0048 85c0 | 750c f602 | 0175 4ef0 | 4883 0a01 
  0x0000013958cca73c: eb47 448b | 4008 49ba | 0000 0000 | 3901 0000 | 4d03 c24d | 8bd0 4c33 | 0249 f7c0 | fcff ffff 
  0x0000013958cca75c: 7427 41f6 | c002 7521 | 48f7 02fe | ffff ff74 | 154d 8bc2 | 4c33 0249 | f7c0 fcff | ffff 7409 
  0x0000013958cca77c: 4883 0a02 | eb03 4c89 

  0x0000013958cca784: ;   {metadata(method data for {method} {0x000001390025b9e0} 'invokeImpl' '([Ljava/lang/Object;)Ljava/lang/Object;' in 'jdk/internal/reflect/DirectConstructorHandleAccessor')}
  0x0000013958cca784: 0248 baa0 | ff28 4239 | 0100 0048 | 8d92 a801 | 0000 4885 | c075 0cf6 | 0201 754e | f048 830a 
  0x0000013958cca7a4: 01eb 4744 | 8b40 0849 | ba00 0000 | 0039 0100 | 004d 03c2 | 4d8b d04c | 3302 49f7 | c0fc ffff 
  0x0000013958cca7c4: ff74 2741 | f6c0 0275 | 2148 f702 | feff ffff | 7415 4d8b | c24c 3302 | 49f7 c0fc | ffff ff74 
  0x0000013958cca7e4: 0948 830a | 02eb 034c 

  0x0000013958cca7ec: ;   {metadata(method data for {method} {0x000001390025b9e0} 'invokeImpl' '([Ljava/lang/Object;)Ljava/lang/Object;' in 'jdk/internal/reflect/DirectConstructorHandleAccessor')}
  0x0000013958cca7ec: 8902 48ba | a0ff 2842 | 3901 0000 | ff82 b801 | 0000 4881 | c420 0100 

  0x0000013958cca804: ;   {poll_return}
  0x0000013958cca804: 005d 493b | a748 0400 | 000f 87ff | 0900 00c3 

  0x0000013958cca814: ;   {metadata(method data for {method} {0x0000013900448928} 'checkExactType' '(Ljava/lang/invoke/MethodHandle;Ljava/lang/invoke/MethodType;)V' in 'java/lang/invoke/Invokers')}
  0x0000013958cca814: 48ba 6088 | 2742 3901 | 0000 4883 | 8268 0100 

  0x0000013958cca824: ;   {oop(a 'java/lang/invoke/MethodType'{0x00000000c4f7c870} = ()Ljava/lang/Object;)}
  0x0000013958cca824: 0001 49b8 | 70c8 f7c4 | 0000 0000 | 488b d70f 

  0x0000013958cca834: ;   {static_call}
  0x0000013958cca834: 1f40 00e8 

  0x0000013958cca838: ; ImmutableOopMap {[168]=Oop [200]=Oop }
                      ;*invokestatic newWrongMethodTypeException {reexecute=0 rethrow=0 return_oop=0}
                      ; - java.lang.invoke.Invokers::checkExactType@12 (line 530)
                      ; - java.lang.invoke.Invokers$Holder::invokeExact_MT@10
                      ; - jdk.internal.reflect.DirectConstructorHandleAccessor::invokeImpl@40 (line 86)
                      ; - jdk.internal.reflect.DirectConstructorHandleAccessor::newInstance@60 (line 62)
  0x0000013958cca838: a44d 3007 

  0x0000013958cca83c: ;   {other}
  0x0000013958cca83c: 0f1f 8400 | b41a 000c 

  0x0000013958cca844: ; implicit exception: dispatches to 0x0000013958ccb228
                      ; ImmutableOopMap {rax=Oop [168]=Oop [200]=Oop }
                      ;*athrow {reexecute=1 rethrow=0 return_oop=0}
                      ; - (reexecute) java.lang.invoke.Invokers::checkExactType@15 (line 530)
                      ; - java.lang.invoke.Invokers$Holder::invokeExact_MT@10
                      ; - jdk.internal.reflect.DirectConstructorHandleAccessor::invokeImpl@40 (line 86)
                      ; - jdk.internal.reflect.DirectConstructorHandleAccessor::newInstance@60 (line 62)
                      ;   {section_word}
  0x0000013958cca844: 483b 0048 | ba47 a8cc | 5839 0100 

  0x0000013958cca850: ;   {runtime_call handle_exception_nofpu Runtime1 stub}
  0x0000013958cca850: 00e8 8ac0 

  0x0000013958cca854: ;   {metadata(method data for {method} {0x0000013900448928} 'checkExactType' '(Ljava/lang/invoke/MethodHandle;Ljava/lang/invoke/MethodType;)V' in 'java/lang/invoke/Invokers')}
  0x0000013958cca854: 3d07 9048 | ba60 8827 | 4239 0100 | 0048 8382 | 6801 0000 

  0x0000013958cca868: ;   {oop(a 'java/lang/invoke/MethodType'{0x00000000c4f7ca68} = (Ljava/lang/Object;)Ljava/lang/Object;)}
  0x0000013958cca868: 0149 b868 | caf7 c400 | 0000 0048 

  0x0000013958cca874: ;   {static_call}
  0x0000013958cca874: 8bd3 90e8 

  0x0000013958cca878: ; ImmutableOopMap {[168]=Oop [184]=Oop [192]=Oop }
                      ;*invokestatic newWrongMethodTypeException {reexecute=0 rethrow=0 return_oop=0}
                      ; - java.lang.invoke.Invokers::checkExactType@12 (line 530)
                      ; - java.lang.invoke.Invokers$Holder::invokeExact_MT@10
                      ; - jdk.internal.reflect.DirectConstructorHandleAccessor::invokeImpl@53 (line 87)
                      ; - jdk.internal.reflect.DirectConstructorHandleAccessor::newInstance@60 (line 62)
  0x0000013958cca878: 644d 3007 

  0x0000013958cca87c: ;   {other}
  0x0000013958cca87c: 0f1f 8400 | f41a 000e 

  0x0000013958cca884: ; implicit exception: dispatches to 0x0000013958ccb22d
                      ; ImmutableOopMap {rax=Oop [168]=Oop [184]=Oop [192]=Oop }
                      ;*athrow {reexecute=1 rethrow=0 return_oop=0}
                      ; - (reexecute) java.lang.invoke.Invokers::checkExactType@15 (line 530)
                      ; - java.lang.invoke.Invokers$Holder::invokeExact_MT@10
                      ; - jdk.internal.reflect.DirectConstructorHandleAccessor::invokeImpl@53 (line 87)
                      ; - jdk.internal.reflect.DirectConstructorHandleAccessor::newInstance@60 (line 62)
                      ;   {section_word}
  0x0000013958cca884: 483b 0048 | ba87 a8cc | 5839 0100 

  0x0000013958cca890: ;   {runtime_call handle_exception_nofpu Runtime1 stub}
  0x0000013958cca890: 00e8 4ac0 | 3d07 9049 | 8b87 0005 | 0000 4d33 | d24d 8997 | 0005 0000 | 4d33 d24d | 8997 0805 
  0x0000013958cca8b0: 0000 488b | 9424 a800 

  0x0000013958cca8b8: ;   {metadata(method data for {method} {0x000001390025b8c0} 'newInstance' '([Ljava/lang/Object;)Ljava/lang/Object;' in 'jdk/internal/reflect/DirectConstructorHandleAccessor')}
  0x0000013958cca8b8: 0000 49b8 | 90fb 2842 | 3901 0000 | 4983 8020 | 0300 0001 

  0x0000013958cca8cc: ;   {metadata(method data for {method} {0x000001390025bb40} 'isIllegalArgument' '(Ljava/lang/RuntimeException;)Z' in 'jdk/internal/reflect/DirectConstructorHandleAccessor')}
  0x0000013958cca8cc: 48ba 9808 | 2942 3901 | 0000 448b | 82cc 0000 | 0041 83c0 | 0244 8982 | cc00 0000 | 4181 e0fe 
  0x0000013958cca8ec: ff1f 0045 | 85c0 0f84 | 3a09 0000 

  0x0000013958cca8f8: ;   {oop(a 'java/lang/Class'{0x00000000c4f140f8} = 'jdk/internal/reflect/DirectConstructorHandleAccessor')}
  0x0000013958cca8f8: 48ba f840 | f1c4 0000 | 0000 4c8b | c048 8984 | 24d0 0000 

  0x0000013958cca90c: ;   {static_call}
  0x0000013958cca90c: 0066 90e8 

  0x0000013958cca910: ; ImmutableOopMap {[208]=Oop }
                      ;*invokestatic isIllegalArgument {reexecute=0 rethrow=0 return_oop=0}
                      ; - jdk.internal.reflect.DirectConstructorHandleAccessor::isIllegalArgument@3 (line 79)
                      ; - jdk.internal.reflect.DirectConstructorHandleAccessor::newInstance@96 (line 69)
  0x0000013958cca910: cc4c 3007 

  0x0000013958cca914: ;   {other}
  0x0000013958cca914: 0f1f 8400 | 8c1b 0010 | 83e0 0185 

  0x0000013958cca920: ;   {metadata(method data for {method} {0x000001390025b8c0} 'newInstance' '([Ljava/lang/Object;)Ljava/lang/Object;' in 'jdk/internal/reflect/DirectConstructorHandleAccessor')}
  0x0000013958cca920: c048 b890 | fb28 4239 | 0100 00ba | 5003 0000 | 7405 ba60 | 0300 004c | 8b04 104d | 8d40 014c 
  0x0000013958cca940: 8904 100f | 84c0 0200 | 00e9 1302 | 0000 488b | 9424 a800 | 0000 498b | 8700 0500 | 004d 33d2 
  0x0000013958cca960: 4d89 9700 | 0500 004d | 33d2 4d89 | 9708 0500 

  0x0000013958cca970: ;   {metadata(method data for {method} {0x000001390025b8c0} 'newInstance' '([Ljava/lang/Object;)Ljava/lang/Object;' in 'jdk/internal/reflect/DirectConstructorHandleAccessor')}
  0x0000013958cca970: 0049 b890 | fb28 4239 | 0100 0049 | 8380 b002 

  0x0000013958cca980: ;   {metadata(method data for {method} {0x000001390025bb40} 'isIllegalArgument' '(Ljava/lang/RuntimeException;)Z' in 'jdk/internal/reflect/DirectConstructorHandleAccessor')}
  0x0000013958cca980: 0000 0148 | ba98 0829 | 4239 0100 | 0044 8b82 | cc00 0000 | 4183 c002 | 4489 82cc | 0000 0041 
  0x0000013958cca9a0: 81e0 feff | 1f00 4585 | c00f 84a4 

  0x0000013958cca9ac: ;   {oop(a 'java/lang/Class'{0x00000000c4f140f8} = 'jdk/internal/reflect/DirectConstructorHandleAccessor')}
  0x0000013958cca9ac: 0800 0048 | baf8 40f1 | c400 0000 | 004c 8bc0 | 4889 8424 | d800 0000 

  0x0000013958cca9c4: ;   {static_call}
  0x0000013958cca9c4: 6666 90e8 

  0x0000013958cca9c8: ; ImmutableOopMap {[216]=Oop }
                      ;*invokestatic isIllegalArgument {reexecute=0 rethrow=0 return_oop=0}
                      ; - jdk.internal.reflect.DirectConstructorHandleAccessor::isIllegalArgument@3 (line 79)
                      ; - jdk.internal.reflect.DirectConstructorHandleAccessor::newInstance@67 (line 64)
  0x0000013958cca9c8: 144c 3007 

  0x0000013958cca9cc: ;   {other}
  0x0000013958cca9cc: 0f1f 8400 | 441c 0011 | 83e0 0185 

  0x0000013958cca9d8: ;   {metadata(method data for {method} {0x000001390025b8c0} 'newInstance' '([Ljava/lang/Object;)Ljava/lang/Object;' in 'jdk/internal/reflect/DirectConstructorHandleAccessor')}
  0x0000013958cca9d8: c048 ba90 | fb28 4239 | 0100 00be | e002 0000 | 7405 bef0 | 0200 0048 | 8b3c 3248 | 8d7f 0148 
  0x0000013958cca9f8: 893c 320f | 84b0 0000 | 000f 1f80 | 0000 0000 

  0x0000013958ccaa08: ;   {no_reloc}
  0x0000013958ccaa08: e976 0800 | 0000 0000 | 0000 498b | 87b8 0100 | 0048 8d78 | 2849 3bbf | c801 0000 | 0f87 6308 
  0x0000013958ccaa28: 0000 4989 | bfb8 0100 | 0048 c700 | 0100 0000 | 488b ca49 | ba00 0000 | 0039 0100 | 0049 2bca 
  0x0000013958ccaa48: 8948 0848 | 33c9 8948 | 0c48 33c9 | 4889 4810 | 4889 4818 | 4889 4820 

  0x0000013958ccaa60: ;   {metadata(method data for {method} {0x000001390025b8c0} 'newInstance' '([Ljava/lang/Object;)Ljava/lang/Object;' in 'jdk/internal/reflect/DirectConstructorHandleAccessor')}
  0x0000013958ccaa60: 4c8b c049 | b990 fb28 | 4239 0100 | 0049 8381 | 0003 0000 

  0x0000013958ccaa74: ;   {oop("argument type mismatch"{0x00000000c6cea5e8})}
  0x0000013958ccaa74: 0149 b8e8 | a5ce c600 | 0000 004c | 8b8c 24d8 | 0000 0048 | 8bd0 4889 | 8424 e000 | 0000 0f1f 
  0x0000013958ccaa94: ;   {optimized virtual_call}
  0x0000013958ccaa94: 4400 00e8 

  0x0000013958ccaa98: ; ImmutableOopMap {[224]=Oop }
                      ;*invokespecial <init> {reexecute=0 rethrow=0 return_oop=0}
                      ; - jdk.internal.reflect.DirectConstructorHandleAccessor::newInstance@80 (line 65)
  0x0000013958ccaa98: 4441 3007 

  0x0000013958ccaa9c: ;   {other}
  0x0000013958ccaa9c: 0f1f 8400 | 141d 0012 | 488b 8424 | e000 0000 | e9ba 0800 | 004c 8b84 | 24d8 0000 | 000f 1f80 
  0x0000013958ccaabc: 0000 0000 

  0x0000013958ccaac0: ;   {no_reloc}
  0x0000013958ccaac0: e9e4 0700 | 0000 0000 | 0000 80ba | 3101 0000 | 040f 85e1 | 0700 0049 | 8b87 b801 | 0000 488d 
  0x0000013958ccaae0: 7828 493b | bfc8 0100 | 000f 87c9 | 0700 0049 | 89bf b801 | 0000 48c7 | 0001 0000 | 0048 8bca 
  0x0000013958ccab00: 49ba 0000 | 0000 3901 | 0000 492b | ca89 4808 | 4833 c989 | 480c 4833 | c948 8948 | 1048 8948 
  0x0000013958ccab20: 1848 8948 | 2048 8bd0 

  0x0000013958ccab28: ;   {metadata(method data for {method} {0x000001390025b8c0} 'newInstance' '([Ljava/lang/Object;)Ljava/lang/Object;' in 'jdk/internal/reflect/DirectConstructorHandleAccessor')}
  0x0000013958ccab28: 48be 90fb | 2842 3901 | 0000 4883 | 8610 0300 | 0001 488b | d048 8984 | 24e8 0000 

  0x0000013958ccab44: ;   {optimized virtual_call}
  0x0000013958ccab44: 0066 90e8 

  0x0000013958ccab48: ; ImmutableOopMap {[232]=Oop }
                      ;*invokespecial <init> {reexecute=0 rethrow=0 return_oop=0}
                      ; - jdk.internal.reflect.DirectConstructorHandleAccessor::newInstance@89 (line 67)
  0x0000013958ccab48: 9440 3007 

  0x0000013958ccab4c: ;   {other}
  0x0000013958ccab4c: 0f1f 8400 | c41d 0013 | 488b 8424 | e800 0000 | e90a 0800 | 000f 1f80 | 0000 0000 

  0x0000013958ccab68: ;   {no_reloc}
  0x0000013958ccab68: e967 0700 | 0000 0000 | 0000 498b | 87b8 0100 | 0048 8d78 | 2849 3bbf | c801 0000 | 0f87 5407 
  0x0000013958ccab88: 0000 4989 | bfb8 0100 | 0048 c700 | 0100 0000 | 488b ca49 | ba00 0000 | 0039 0100 | 0049 2bca 
  0x0000013958ccaba8: 8948 0848 | 33c9 8948 | 0c48 33c9 | 4889 4810 | 4889 4818 | 4889 4820 

  0x0000013958ccabc0: ;   {metadata(method data for {method} {0x000001390025b8c0} 'newInstance' '([Ljava/lang/Object;)Ljava/lang/Object;' in 'jdk/internal/reflect/DirectConstructorHandleAccessor')}
  0x0000013958ccabc0: 4c8b c048 | ba90 fb28 | 4239 0100 | 0048 8382 | 7003 0000 | 014c 8b84 | 24d0 0000 | 0048 8bd0 
  0x0000013958ccabe0: 4889 8424 | f000 0000 | 0f1f 8000 

  0x0000013958ccabec: ;   {optimized virtual_call}
  0x0000013958ccabec: 0000 00e8 

  0x0000013958ccabf0: ; ImmutableOopMap {[240]=Oop }
                      ;*invokespecial <init> {reexecute=0 rethrow=0 return_oop=0}
                      ; - jdk.internal.reflect.DirectConstructorHandleAccessor::newInstance@107 (line 70)
  0x0000013958ccabf0: ec3f 3007 

  0x0000013958ccabf4: ;   {other}
  0x0000013958ccabf4: 0f1f 8400 | 6c1e 0014 | 488b 8424 | f000 0000 | e962 0700 | 004c 8b84 | 24d0 0000 | 000f 1f80 
  0x0000013958ccac14: 0000 0000 

  0x0000013958ccac18: ;   {no_reloc}
  0x0000013958ccac18: e9dd 0600 | 0000 0000 | 0000 80ba | 3101 0000 | 040f 85da | 0600 0049 | 8b87 b801 | 0000 488d 
  0x0000013958ccac38: 7828 493b | bfc8 0100 | 000f 87c2 | 0600 0049 | 89bf b801 | 0000 48c7 | 0001 0000 | 0048 8bca 
  0x0000013958ccac58: 49ba 0000 | 0000 3901 | 0000 492b | ca89 4808 | 4833 c989 | 480c 4833 | c948 8948 | 1048 8948 
  0x0000013958ccac78: 1848 8948 | 2048 8bd0 

  0x0000013958ccac80: ;   {metadata(method data for {method} {0x000001390025b8c0} 'newInstance' '([Ljava/lang/Object;)Ljava/lang/Object;' in 'jdk/internal/reflect/DirectConstructorHandleAccessor')}
  0x0000013958ccac80: 48be 90fb | 2842 3901 | 0000 4883 | 8680 0300 | 0001 488b | d048 8984 | 24f8 0000 

  0x0000013958ccac9c: ;   {optimized virtual_call}
  0x0000013958ccac9c: 0066 90e8 

  0x0000013958ccaca0: ; ImmutableOopMap {[248]=Oop }
                      ;*invokespecial <init> {reexecute=0 rethrow=0 return_oop=0}
                      ; - jdk.internal.reflect.DirectConstructorHandleAccessor::newInstance@116 (line 72)
  0x0000013958ccaca0: 3c3f 3007 

  0x0000013958ccaca4: ;   {other}
  0x0000013958ccaca4: 0f1f 8400 | 1c1f 0015 | 488b 8424 | f800 0000 | e9b2 0600 

  0x0000013958ccacb8: ;   {oop(""{0x00000000c4f31358})}
  0x0000013958ccacb8: 0048 be58 | 13f3 c400 | 0000 00e9 | 9400 0000 

  0x0000013958ccacc8: ;   {metadata('java/lang/String')}
  0x0000013958ccacc8: 48ba 280d | 1700 3901 | 0000 498b | 87b8 0100 | 0048 8d78 | 1849 3bbf | c801 0000 | 0f87 2c06 
  0x0000013958ccace8: 0000 4989 | bfb8 0100 | 0048 c700 | 0100 0000 | 488b ca49 | ba00 0000 | 0039 0100 | 0049 2bca 
  0x0000013958ccad08: 8948 0848 | 33c9 8948 | 0c48 33c9 | 4889 4810 

  0x0000013958ccad18: ;   {metadata(method data for {method} {0x000001390016ae60} 'toString' '()Ljava/lang/String;' in 'java/lang/StringBuilder')}
  0x0000013958ccad18: 4c8b c049 | b9c8 0c01 | 4239 0100 | 0049 8381 | 6801 0000 | 014c 8bc3 

  0x0000013958ccad30: ;   {oop(nullptr)}
  0x0000013958ccad30: 49b9 0000 | 0000 0000 | 0000 488b | d048 8984 | 2400 0100 

  0x0000013958ccad44: ;   {optimized virtual_call}
  0x0000013958ccad44: 0066 90e8 

  0x0000013958ccad48: ; ImmutableOopMap {[176]=Oop [256]=Oop }
                      ;*invokespecial <init> {reexecute=0 rethrow=0 return_oop=0}
                      ; - java.lang.StringBuilder::toString@16 (line 478)
                      ; - jdk.internal.reflect.DirectConstructorHandleAccessor::newInstance@51 (line 59)
  0x0000013958ccad48: 943e 3007 

  0x0000013958ccad4c: ;   {other}
  0x0000013958ccad4c: 0f1f 8400 | c41f 0016 | 488b b424 | 0001 0000 | 488b 8424 | b000 0000 

  0x0000013958ccad64: ;   {metadata(method data for {method} {0x000001390025b8c0} 'newInstance' '([Ljava/lang/Object;)Ljava/lang/Object;' in 'jdk/internal/reflect/DirectConstructorHandleAccessor')}
  0x0000013958ccad64: 4c8b c048 | ba90 fb28 | 4239 0100 | 0048 8382 | 7002 0000 | 014c 8bc6 

  0x0000013958ccad7c: ;   {optimized virtual_call}
  0x0000013958ccad7c: 488b d0e8 

  0x0000013958ccad80: ; ImmutableOopMap {[176]=Oop }
                      ;*invokespecial <init> {reexecute=0 rethrow=0 return_oop=0}
                      ; - jdk.internal.reflect.DirectConstructorHandleAccessor::newInstance@54 (line 59)
  0x0000013958ccad80: 5c3e 3007 

  0x0000013958ccad84: ;   {other}
  0x0000013958ccad84: 0f1f 8400 | fc1f 0017 | 488b 8424 | b000 0000 | e9d2 0500 | 0049 8b87 | 0005 0000 | 4d33 d24d 
  0x0000013958ccada4: 8997 0005 | 0000 4d33 | d24d 8997 | 0805 0000 | 4c8b c090 

  0x0000013958ccadb8: ;   {no_reloc}
  0x0000013958ccadb8: e975 0500 | 0000 0000 | 0000 80ba | 3101 0000 | 040f 8572 | 0500 0049 | 8b87 b801 | 0000 488d 
  0x0000013958ccadd8: 7828 493b | bfc8 0100 | 000f 875a | 0500 0049 | 89bf b801 | 0000 48c7 | 0001 0000 | 0048 8bca 
  0x0000013958ccadf8: 49ba 0000 | 0000 3901 | 0000 492b | ca89 4808 | 4833 c989 | 480c 4833 | c948 8948 | 1048 8948 
  0x0000013958ccae18: 1848 8948 | 2048 8bd0 

  0x0000013958ccae20: ;   {metadata(method data for {method} {0x000001390025b8c0} 'newInstance' '([Ljava/lang/Object;)Ljava/lang/Object;' in 'jdk/internal/reflect/DirectConstructorHandleAccessor')}
  0x0000013958ccae20: 48be 90fb | 2842 3901 | 0000 4883 | 8690 0300 | 0001 488b | d048 8984 | 2408 0100 

  0x0000013958ccae3c: ;   {optimized virtual_call}
  0x0000013958ccae3c: 0066 90e8 

  0x0000013958ccae40: ; ImmutableOopMap {[264]=Oop }
                      ;*invokespecial <init> {reexecute=0 rethrow=0 return_oop=0}
                      ; - jdk.internal.reflect.DirectConstructorHandleAccessor::newInstance@126 (line 74)
  0x0000013958ccae40: 9c3d 3007 

  0x0000013958ccae44: ;   {other}
  0x0000013958ccae44: 0f1f 8400 | bc20 0018 | 488b 8424 | 0801 0000 | e912 0500 

  0x0000013958ccae58: ;   {metadata({method} {0x000001390025b8c0} 'newInstance' '([Ljava/lang/Object;)Ljava/lang/Object;' in 'jdk/internal/reflect/DirectConstructorHandleAccessor')}
  0x0000013958ccae58: 0049 bab8 | b825 0039 | 0100 004c | 8954 2408 | 48c7 0424 | ffff ffff 

  0x0000013958ccae70: ;   {runtime_call counter_overflow Runtime1 stub}
  0x0000013958ccae70: e86b fd3d 

  0x0000013958ccae74: ; ImmutableOopMap {rdx=Oop r8=Oop [168]=Oop }
                      ;*synchronization entry
                      ; - jdk.internal.reflect.DirectConstructorHandleAccessor::newInstance@-1 (line 57)
  0x0000013958ccae74: 07e9 94e3 

  0x0000013958ccae78: ;   {runtime_call throw_null_pointer_exception Runtime1 stub}
  0x0000013958ccae78: ffff e8e1 

  0x0000013958ccae7c: ; ImmutableOopMap {rdx=Oop r8=Oop [168]=Oop }
                      ;*arraylength {reexecute=0 rethrow=0 return_oop=0}
                      ; - jdk.internal.reflect.DirectConstructorHandleAccessor::newInstance@5 (line 57)
                      ;   {metadata(nullptr)}
  0x0000013958ccae7c: 9e3d 0748 | ba00 0000 | 0000 0000 | 00b8 000f 

  0x0000013958ccae8c: ;   {runtime_call load_klass_patching Runtime1 stub}
  0x0000013958ccae8c: 050a e8cd 

  0x0000013958ccae90: ; ImmutableOopMap {[168]=Oop }
                      ;*new {reexecute=1 rethrow=0 return_oop=0}
                      ; - (reexecute) jdk.internal.reflect.DirectConstructorHandleAccessor::newInstance@19 (line 59)
  0x0000013958ccae90: e63d 07e9 | f8e3 ffff 

  0x0000013958ccae98: ;   {runtime_call fast_new_instance Runtime1 stub}
  0x0000013958ccae98: 488b d2e8 

  0x0000013958ccae9c: ; ImmutableOopMap {[168]=Oop }
                      ;*new {reexecute=0 rethrow=0 return_oop=0}
                      ; - jdk.internal.reflect.DirectConstructorHandleAccessor::newInstance@19 (line 59)
  0x0000013958ccae9c: c0a8 3d07 | e943 e4ff | ff48 8bd2 

  0x0000013958ccaea8: ;   {runtime_call fast_new_instance Runtime1 stub}
  0x0000013958ccaea8: e8b3 a83d 

  0x0000013958ccaeac: ; ImmutableOopMap {[168]=Oop [176]=Oop }
                      ;*new {reexecute=0 rethrow=0 return_oop=0}
                      ; - jdk.internal.reflect.DirectConstructorHandleAccessor::newInstance@23 (line 59)
  0x0000013958ccaeac: 07e9 8ee4 

  0x0000013958ccaeb0: ;   {metadata({method} {0x0000013900492a50} '<init>' '()V' in 'java/lang/StringBuilder')}
  0x0000013958ccaeb0: ffff 49ba | 482a 4900 | 3901 0000 | 4c89 5424 | 0848 c704 | 24ff ffff 

  0x0000013958ccaec8: ;   {runtime_call counter_overflow Runtime1 stub}
  0x0000013958ccaec8: ffe8 12fd 

  0x0000013958ccaecc: ; ImmutableOopMap {rax=Oop [168]=Oop [176]=Oop }
                      ;*synchronization entry
                      ; - java.lang.StringBuilder::<init>@-1 (line 106)
                      ; - jdk.internal.reflect.DirectConstructorHandleAccessor::newInstance@27 (line 59)
  0x0000013958ccaecc: 3d07 e9ab 

  0x0000013958ccaed0: ;   {metadata({method} {0x0000013900492840} 'append' '(Ljava/lang/String;)Ljava/lang/StringBuilder;' in 'java/lang/StringBuilder')}
  0x0000013958ccaed0: e4ff ff49 | ba38 2849 | 0039 0100 | 004c 8954 | 2408 48c7 | 0424 ffff 

  0x0000013958ccaee8: ;   {runtime_call counter_overflow Runtime1 stub}
  0x0000013958ccaee8: ffff e8f1 

  0x0000013958ccaeec: ; ImmutableOopMap {[152]=Oop [168]=Oop [176]=Oop }
                      ;*synchronization entry
                      ; - java.lang.StringBuilder::append@-1 (line 179)
                      ; - jdk.internal.reflect.DirectConstructorHandleAccessor::newInstance@32 (line 59)
  0x0000013958ccaeec: fc3d 07e9 | 03e5 ffff 

  0x0000013958ccaef4: ;   {metadata({method} {0x00000139004925d8} 'append' '(I)Ljava/lang/StringBuilder;' in 'java/lang/StringBuilder')}
  0x0000013958ccaef4: 49ba d025 | 4900 3901 | 0000 4c89 | 5424 0848 | c704 24ff 

  0x0000013958ccaf08: ;   {runtime_call counter_overflow Runtime1 stub}
  0x0000013958ccaf08: ffff ffe8 

  0x0000013958ccaf0c: ; ImmutableOopMap {[152]=Oop [168]=Oop [176]=Oop }
                      ;*synchronization entry
                      ; - java.lang.StringBuilder::append@-1 (line 253)
                      ; - jdk.internal.reflect.DirectConstructorHandleAccessor::newInstance@36 (line 59)
  0x0000013958ccaf0c: d0fc 3d07 | e962 e5ff 

  0x0000013958ccaf14: ;   {metadata({method} {0x0000013900492840} 'append' '(Ljava/lang/String;)Ljava/lang/StringBuilder;' in 'java/lang/StringBuilder')}
  0x0000013958ccaf14: ff49 ba38 | 2849 0039 | 0100 004c | 8954 2408 | 48c7 0424 | ffff ffff 

  0x0000013958ccaf2c: ;   {runtime_call counter_overflow Runtime1 stub}
  0x0000013958ccaf2c: e8af fc3d 

  0x0000013958ccaf30: ; ImmutableOopMap {[152]=Oop [168]=Oop [176]=Oop }
                      ;*synchronization entry
                      ; - java.lang.StringBuilder::append@-1 (line 179)
                      ; - jdk.internal.reflect.DirectConstructorHandleAccessor::newInstance@41 (line 59)
  0x0000013958ccaf30: 07e9 c1e5 

  0x0000013958ccaf34: ;   {metadata({method} {0x00000139004925d8} 'append' '(I)Ljava/lang/StringBuilder;' in 'java/lang/StringBuilder')}
  0x0000013958ccaf34: ffff 49ba | d025 4900 | 3901 0000 | 4c89 5424 | 0848 c704 | 24ff ffff 

  0x0000013958ccaf4c: ;   {runtime_call counter_overflow Runtime1 stub}
  0x0000013958ccaf4c: ffe8 8efc 

  0x0000013958ccaf50: ; ImmutableOopMap {[152]=Oop [176]=Oop }
                      ;*synchronization entry
                      ; - java.lang.StringBuilder::append@-1 (line 253)
                      ; - jdk.internal.reflect.DirectConstructorHandleAccessor::newInstance@48 (line 59)
  0x0000013958ccaf50: 3d07 e92a 

  0x0000013958ccaf54: ;   {metadata({method} {0x000001390016ae60} 'toString' '()Ljava/lang/String;' in 'java/lang/StringBuilder')}
  0x0000013958ccaf54: e6ff ff49 | ba58 ae16 | 0039 0100 | 004c 8954 | 2408 48c7 | 0424 ffff 

  0x0000013958ccaf6c: ;   {runtime_call counter_overflow Runtime1 stub}
  0x0000013958ccaf6c: ffff e86d 

  0x0000013958ccaf70: ; ImmutableOopMap {[152]=Oop [176]=Oop }
                      ;*synchronization entry
                      ; - java.lang.StringBuilder::toString@-1 (line 474)
                      ; - jdk.internal.reflect.DirectConstructorHandleAccessor::newInstance@51 (line 59)
  0x0000013958ccaf70: fc3d 07e9 | 82e6 ffff 

  0x0000013958ccaf78: ;   {metadata({method} {0x000001390016aeb8} 'length' '()I' in 'java/lang/StringBuilder')}
  0x0000013958ccaf78: 49ba b0ae | 1600 3901 | 0000 4c89 | 5424 0848 | c704 24ff 

  0x0000013958ccaf8c: ;   {runtime_call counter_overflow Runtime1 stub}
  0x0000013958ccaf8c: ffff ffe8 

  0x0000013958ccaf90: ; ImmutableOopMap {[152]=Oop [176]=Oop }
                      ;*synchronization entry
                      ; - java.lang.StringBuilder::length@-1 (line 91)
                      ; - java.lang.StringBuilder::toString@1 (line 474)
                      ; - jdk.internal.reflect.DirectConstructorHandleAccessor::newInstance@51 (line 59)
  0x0000013958ccaf90: 4cfc 3d07 | e9a7 e6ff 

  0x0000013958ccaf98: ;   {metadata({method} {0x000001390025b9e0} 'invokeImpl' '([Ljava/lang/Object;)Ljava/lang/Object;' in 'jdk/internal/reflect/DirectConstructorHandleAccessor')}
  0x0000013958ccaf98: ff49 bad8 | b925 0039 | 0100 004c | 8954 2408 | 48c7 0424 | ffff ffff 

  0x0000013958ccafb0: ;   {runtime_call counter_overflow Runtime1 stub}
  0x0000013958ccafb0: e82b fc3d 

  0x0000013958ccafb4: ; ImmutableOopMap {r8=Oop rdx=Oop [168]=Oop }
                      ;*synchronization entry
                      ; - jdk.internal.reflect.DirectConstructorHandleAccessor::invokeImpl@-1 (line 85)
                      ; - jdk.internal.reflect.DirectConstructorHandleAccessor::newInstance@60 (line 62)
  0x0000013958ccafb4: 07e9 2de7 | ffff 49b9 | 0000 0000 | 0000 0000 | b800 0f05 

  0x0000013958ccafc8: ;   {runtime_call load_appendix_patching Runtime1 stub}
  0x0000013958ccafc8: 0ae8 92f2 

  0x0000013958ccafcc: ; ImmutableOopMap {r8=Oop rdx=Oop rsi=Oop [168]=Oop }
                      ;*invokevirtual invokeExact {reexecute=1 rethrow=0 return_oop=0}
                      ; - (reexecute) jdk.internal.reflect.DirectConstructorHandleAccessor::invokeImpl@99 (line 90)
                      ; - jdk.internal.reflect.DirectConstructorHandleAccessor::newInstance@60 (line 62)
  0x0000013958ccafcc: 3d07 e995 

  0x0000013958ccafd0: ;   {runtime_call throw_null_pointer_exception Runtime1 stub}
  0x0000013958ccafd0: e7ff ffe8 

  0x0000013958ccafd4: ; ImmutableOopMap {r8=Oop rdx=Oop rsi=Oop r9=Oop [168]=Oop }
                      ;*invokevirtual invokeExact {reexecute=0 rethrow=0 return_oop=0}
                      ; - jdk.internal.reflect.DirectConstructorHandleAccessor::invokeImpl@99 (line 90)
                      ; - jdk.internal.reflect.DirectConstructorHandleAccessor::newInstance@60 (line 62)
  0x0000013958ccafd4: 889d 3d07 

  0x0000013958ccafd8: ;   {internal_word}
  0x0000013958ccafd8: 49ba fe98 | cc58 3901 | 0000 4d89 | 9760 0400 

  0x0000013958ccafe8: ;   {runtime_call SafepointBlob}
  0x0000013958ccafe8: 00e9 f2b7 

  0x0000013958ccafec: ;   {runtime_call throw_null_pointer_exception Runtime1 stub}
  0x0000013958ccafec: 3007 e86d 

  0x0000013958ccaff0: ; ImmutableOopMap {rdx=Oop r8=Oop rbx=Oop [168]=Oop }
                      ;*aaload {reexecute=0 rethrow=0 return_oop=0}
                      ; - jdk.internal.reflect.DirectConstructorHandleAccessor::invokeImpl@81 (line 89)
                      ; - jdk.internal.reflect.DirectConstructorHandleAccessor::newInstance@60 (line 62)
                      ;   {runtime_call throw_null_pointer_exception Runtime1 stub}
  0x0000013958ccaff0: 9d3d 07e8 

  0x0000013958ccaff4: ; ImmutableOopMap {rdx=Oop r8=Oop rbx=Oop [168]=Oop }
                      ;*aaload {reexecute=0 rethrow=0 return_oop=0}
                      ; - jdk.internal.reflect.DirectConstructorHandleAccessor::invokeImpl@81 (line 89)
                      ; - jdk.internal.reflect.DirectConstructorHandleAccessor::newInstance@60 (line 62)
  0x0000013958ccaff4: 689d 3d07 | 48c7 0424 | 0000 0000 | 4c89 4424 

  0x0000013958ccb004: ;   {runtime_call throw_range_check_failed Runtime1 stub}
  0x0000013958ccb004: 08e8 5694 

  0x0000013958ccb008: ; ImmutableOopMap {rdx=Oop r8=Oop rbx=Oop [168]=Oop }
                      ;*aaload {reexecute=0 rethrow=0 return_oop=0}
                      ; - jdk.internal.reflect.DirectConstructorHandleAccessor::invokeImpl@81 (line 89)
                      ; - jdk.internal.reflect.DirectConstructorHandleAccessor::newInstance@60 (line 62)
  0x0000013958ccb008: 3d07 48c7 | 0424 0100 | 0000 4c89 

  0x0000013958ccb014: ;   {runtime_call throw_range_check_failed Runtime1 stub}
  0x0000013958ccb014: 4424 08e8 

  0x0000013958ccb018: ; ImmutableOopMap {rdx=Oop r8=Oop rbx=Oop r9=Oop [168]=Oop }
                      ;*aaload {reexecute=0 rethrow=0 return_oop=0}
                      ; - jdk.internal.reflect.DirectConstructorHandleAccessor::invokeImpl@84 (line 89)
                      ; - jdk.internal.reflect.DirectConstructorHandleAccessor::newInstance@60 (line 62)
  0x0000013958ccb018: 4494 3d07 | 48c7 0424 | 0200 0000 | 4c89 4424 

  0x0000013958ccb028: ;   {runtime_call throw_range_check_failed Runtime1 stub}
  0x0000013958ccb028: 08e8 3294 

  0x0000013958ccb02c: ; ImmutableOopMap {rdx=Oop r8=Oop rbx=Oop r9=Oop rdi=Oop [168]=Oop }
                      ;*aaload {reexecute=0 rethrow=0 return_oop=0}
                      ; - jdk.internal.reflect.DirectConstructorHandleAccessor::invokeImpl@87 (line 89)
                      ; - jdk.internal.reflect.DirectConstructorHandleAccessor::newInstance@60 (line 62)
  0x0000013958ccb02c: 3d07 48b8 | 0000 0000 | 0000 0000 | b800 0f05 

  0x0000013958ccb03c: ;   {runtime_call load_appendix_patching Runtime1 stub}
  0x0000013958ccb03c: 0ae8 1ef2 

  0x0000013958ccb040: ; ImmutableOopMap {rdx=Oop rbx=Oop r9=Oop rdi=Oop rsi=Oop [168]=Oop }
                      ;*invokevirtual invokeExact {reexecute=1 rethrow=0 return_oop=0}
                      ; - (reexecute) jdk.internal.reflect.DirectConstructorHandleAccessor::invokeImpl@88 (line 89)
                      ; - jdk.internal.reflect.DirectConstructorHandleAccessor::newInstance@60 (line 62)
  0x0000013958ccb040: 3d07 e9f9 

  0x0000013958ccb044: ;   {runtime_call throw_null_pointer_exception Runtime1 stub}
  0x0000013958ccb044: e8ff ffe8 

  0x0000013958ccb048: ; ImmutableOopMap {rdx=Oop rbx=Oop r9=Oop rdi=Oop rsi=Oop rax=Oop [168]=Oop }
                      ;*invokevirtual invokeExact {reexecute=0 rethrow=0 return_oop=0}
                      ; - jdk.internal.reflect.DirectConstructorHandleAccessor::invokeImpl@88 (line 89)
                      ; - jdk.internal.reflect.DirectConstructorHandleAccessor::newInstance@60 (line 62)
  0x0000013958ccb048: 149d 3d07 

  0x0000013958ccb04c: ;   {internal_word}
  0x0000013958ccb04c: 49ba 4f9b | cc58 3901 | 0000 4d89 | 9760 0400 

  0x0000013958ccb05c: ;   {runtime_call SafepointBlob}
  0x0000013958ccb05c: 00e9 7eb7 

  0x0000013958ccb060: ;   {runtime_call throw_null_pointer_exception Runtime1 stub}
  0x0000013958ccb060: 3007 e8f9 

  0x0000013958ccb064: ; ImmutableOopMap {rdx=Oop r8=Oop rsi=Oop [168]=Oop }
                      ;*aaload {reexecute=0 rethrow=0 return_oop=0}
                      ; - jdk.internal.reflect.DirectConstructorHandleAccessor::invokeImpl@65 (line 88)
                      ; - jdk.internal.reflect.DirectConstructorHandleAccessor::newInstance@60 (line 62)
                      ;   {runtime_call throw_null_pointer_exception Runtime1 stub}
  0x0000013958ccb064: 9c3d 07e8 

  0x0000013958ccb068: ; ImmutableOopMap {rdx=Oop r8=Oop rsi=Oop [168]=Oop }
                      ;*aaload {reexecute=0 rethrow=0 return_oop=0}
                      ; - jdk.internal.reflect.DirectConstructorHandleAccessor::invokeImpl@65 (line 88)
                      ; - jdk.internal.reflect.DirectConstructorHandleAccessor::newInstance@60 (line 62)
  0x0000013958ccb068: f49c 3d07 | 48c7 0424 | 0000 0000 | 4c89 4424 

  0x0000013958ccb078: ;   {runtime_call throw_range_check_failed Runtime1 stub}
  0x0000013958ccb078: 08e8 e293 

  0x0000013958ccb07c: ; ImmutableOopMap {rdx=Oop r8=Oop rsi=Oop [168]=Oop }
                      ;*aaload {reexecute=0 rethrow=0 return_oop=0}
                      ; - jdk.internal.reflect.DirectConstructorHandleAccessor::invokeImpl@65 (line 88)
                      ; - jdk.internal.reflect.DirectConstructorHandleAccessor::newInstance@60 (line 62)
  0x0000013958ccb07c: 3d07 48c7 | 0424 0100 | 0000 4c89 

  0x0000013958ccb088: ;   {runtime_call throw_range_check_failed Runtime1 stub}
  0x0000013958ccb088: 4424 08e8 

  0x0000013958ccb08c: ; ImmutableOopMap {rdx=Oop r8=Oop rsi=Oop r9=Oop [168]=Oop }
                      ;*aaload {reexecute=0 rethrow=0 return_oop=0}
                      ; - jdk.internal.reflect.DirectConstructorHandleAccessor::invokeImpl@68 (line 88)
                      ; - jdk.internal.reflect.DirectConstructorHandleAccessor::newInstance@60 (line 62)
  0x0000013958ccb08c: d093 3d07 | 48bb 0000 | 0000 0000 | 0000 b800 

  0x0000013958ccb09c: ;   {runtime_call load_appendix_patching Runtime1 stub}
  0x0000013958ccb09c: 0f05 0ae8 

  0x0000013958ccb0a0: ; ImmutableOopMap {rdx=Oop rsi=Oop r9=Oop rdi=Oop [168]=Oop }
                      ;*invokevirtual invokeExact {reexecute=1 rethrow=0 return_oop=0}
                      ; - (reexecute) jdk.internal.reflect.DirectConstructorHandleAccessor::invokeImpl@69 (line 88)
                      ; - jdk.internal.reflect.DirectConstructorHandleAccessor::newInstance@60 (line 62)
  0x0000013958ccb0a0: bcf1 3d07 | e9d7 eaff 

  0x0000013958ccb0a8: ;   {runtime_call throw_null_pointer_exception Runtime1 stub}
  0x0000013958ccb0a8: ffe8 b29c 

  0x0000013958ccb0ac: ; ImmutableOopMap {rdx=Oop rsi=Oop r9=Oop rdi=Oop rbx=Oop [168]=Oop }
                      ;*invokevirtual invokeExact {reexecute=0 rethrow=0 return_oop=0}
                      ; - jdk.internal.reflect.DirectConstructorHandleAccessor::invokeImpl@69 (line 88)
                      ; - jdk.internal.reflect.DirectConstructorHandleAccessor::newInstance@60 (line 62)
                      ;   {internal_word}
  0x0000013958ccb0ac: 3d07 49ba | 849d cc58 | 3901 0000 | 4d89 9760 

  0x0000013958ccb0bc: ;   {runtime_call SafepointBlob}
  0x0000013958ccb0bc: 0400 00e9 | 1cb7 3007 

  0x0000013958ccb0c4: ;   {runtime_call throw_null_pointer_exception Runtime1 stub}
  0x0000013958ccb0c4: e897 9c3d 

  0x0000013958ccb0c8: ; ImmutableOopMap {rdx=Oop r8=Oop rsi=Oop [168]=Oop [192]=Oop }
                      ;*aaload {reexecute=0 rethrow=0 return_oop=0}
                      ; - jdk.internal.reflect.DirectConstructorHandleAccessor::invokeImpl@52 (line 87)
                      ; - jdk.internal.reflect.DirectConstructorHandleAccessor::newInstance@60 (line 62)
                      ;   {runtime_call throw_null_pointer_exception Runtime1 stub}
  0x0000013958ccb0c8: 07e8 929c 

  0x0000013958ccb0cc: ; ImmutableOopMap {rdx=Oop r8=Oop rsi=Oop [168]=Oop [192]=Oop }
                      ;*aaload {reexecute=0 rethrow=0 return_oop=0}
                      ; - jdk.internal.reflect.DirectConstructorHandleAccessor::invokeImpl@52 (line 87)
                      ; - jdk.internal.reflect.DirectConstructorHandleAccessor::newInstance@60 (line 62)
  0x0000013958ccb0cc: 3d07 48c7 | 0424 0000 | 0000 4c89 

  0x0000013958ccb0d8: ;   {runtime_call throw_range_check_failed Runtime1 stub}
  0x0000013958ccb0d8: 4424 08e8 

  0x0000013958ccb0dc: ; ImmutableOopMap {rdx=Oop r8=Oop rsi=Oop [168]=Oop [192]=Oop }
                      ;*aaload {reexecute=0 rethrow=0 return_oop=0}
                      ; - jdk.internal.reflect.DirectConstructorHandleAccessor::invokeImpl@52 (line 87)
                      ; - jdk.internal.reflect.DirectConstructorHandleAccessor::newInstance@60 (line 62)
  0x0000013958ccb0dc: 8093 3d07 

  0x0000013958ccb0e0: ;   {metadata({method} {0x00000139001e0f78} 'invokeExact_MT' '(Ljava/lang/Object;Ljava/lang/Object;Ljava/lang/Object;)Ljava/lang/Object;' in 'java/lang/invoke/Invokers$Holder')}
  0x0000013958ccb0e0: 49ba 700f | 1e00 3901 | 0000 4c89 | 5424 0848 | c704 24ff 

  0x0000013958ccb0f4: ;   {runtime_call counter_overflow Runtime1 stub}
  0x0000013958ccb0f4: ffff ffe8 

  0x0000013958ccb0f8: ; ImmutableOopMap {rdx=Oop rsi=Oop rdi=Oop [168]=Oop [184]=Oop [192]=Oop }
                      ;*synchronization entry
                      ; - java.lang.invoke.Invokers$Holder::invokeExact_MT@-1
                      ; - jdk.internal.reflect.DirectConstructorHandleAccessor::invokeImpl@53 (line 87)
                      ; - jdk.internal.reflect.DirectConstructorHandleAccessor::newInstance@60 (line 62)
  0x0000013958ccb0f8: e4fa 3d07 | e914 eeff 

  0x0000013958ccb100: ;   {metadata({method} {0x0000013900448928} 'checkExactType' '(Ljava/lang/invoke/MethodHandle;Ljava/lang/invoke/MethodType;)V' in 'java/lang/invoke/Invokers')}
  0x0000013958ccb100: ff49 ba20 | 8944 0039 | 0100 004c | 8954 2408 | 48c7 0424 | ffff ffff 

  0x0000013958ccb118: ;   {runtime_call counter_overflow Runtime1 stub}
  0x0000013958ccb118: e8c3 fa3d 

  0x0000013958ccb11c: ; ImmutableOopMap {rdx=Oop rsi=Oop rdi=Oop [168]=Oop [184]=Oop [192]=Oop }
                      ;*synchronization entry
                      ; - java.lang.invoke.Invokers::checkExactType@-1 (line 528)
                      ; - java.lang.invoke.Invokers$Holder::invokeExact_MT@10
                      ; - jdk.internal.reflect.DirectConstructorHandleAccessor::invokeImpl@53 (line 87)
                      ; - jdk.internal.reflect.DirectConstructorHandleAccessor::newInstance@60 (line 62)
  0x0000013958ccb11c: 07e9 96ee 

  0x0000013958ccb120: ;   {runtime_call throw_null_pointer_exception Runtime1 stub}
  0x0000013958ccb120: ffff e839 

  0x0000013958ccb124: ; ImmutableOopMap {rdx=Oop rsi=Oop rdi=Oop [168]=Oop [184]=Oop [192]=Oop }
                      ;*invokevirtual type {reexecute=0 rethrow=0 return_oop=0}
                      ; - java.lang.invoke.Invokers::checkExactType@1 (line 528)
                      ; - java.lang.invoke.Invokers$Holder::invokeExact_MT@10
                      ; - jdk.internal.reflect.DirectConstructorHandleAccessor::invokeImpl@53 (line 87)
                      ; - jdk.internal.reflect.DirectConstructorHandleAccessor::newInstance@60 (line 62)
                      ;   {metadata({method} {0x0000013900448820} 'checkCustomized' '(Ljava/lang/invoke/MethodHandle;)V' in 'java/lang/invoke/Invokers')}
  0x0000013958ccb124: 9c3d 0749 | ba18 8844 | 0039 0100 | 004c 8954 | 2408 48c7 | 0424 ffff 

  0x0000013958ccb13c: ;   {runtime_call counter_overflow Runtime1 stub}
  0x0000013958ccb13c: ffff e89d 

  0x0000013958ccb140: ; ImmutableOopMap {rdx=Oop rsi=Oop rdi=Oop [168]=Oop [184]=Oop [192]=Oop }
                      ;*synchronization entry
                      ; - java.lang.invoke.Invokers::checkCustomized@-1 (line 622)
                      ; - java.lang.invoke.Invokers$Holder::invokeExact_MT@14
                      ; - jdk.internal.reflect.DirectConstructorHandleAccessor::invokeImpl@53 (line 87)
                      ; - jdk.internal.reflect.DirectConstructorHandleAccessor::newInstance@60 (line 62)
  0x0000013958ccb140: fa3d 07e9 | ceef ffff 

  0x0000013958ccb148: ;   {metadata({method} {0x00000139001d0a90} 'isCompileConstant' '(Ljava/lang/Object;)Z' in 'java/lang/invoke/MethodHandleImpl')}
  0x0000013958ccb148: 49ba 880a | 1d00 3901 | 0000 4c89 | 5424 0848 | c704 24ff 

  0x0000013958ccb15c: ;   {runtime_call counter_overflow Runtime1 stub}
  0x0000013958ccb15c: ffff ffe8 

  0x0000013958ccb160: ; ImmutableOopMap {rdx=Oop rsi=Oop rdi=Oop [168]=Oop [184]=Oop [192]=Oop }
                      ;*synchronization entry
                      ; - java.lang.invoke.MethodHandleImpl::isCompileConstant@-1 (line 620)
                      ; - java.lang.invoke.Invokers::checkCustomized@1 (line 622)
                      ; - java.lang.invoke.Invokers$Holder::invokeExact_MT@14
                      ; - jdk.internal.reflect.DirectConstructorHandleAccessor::invokeImpl@53 (line 87)
                      ; - jdk.internal.reflect.DirectConstructorHandleAccessor::newInstance@60 (line 62)
  0x0000013958ccb160: 7cfa 3d07 | e9e5 efff 

  0x0000013958ccb168: ;   {runtime_call throw_null_pointer_exception Runtime1 stub}
  0x0000013958ccb168: ffe8 f29b 

  0x0000013958ccb16c: ; ImmutableOopMap {rdx=Oop rsi=Oop rdi=Oop [168]=Oop [184]=Oop [192]=Oop }
                      ;*getfield customized {reexecute=1 rethrow=0 return_oop=0}
                      ; - (reexecute) java.lang.invoke.Invokers::checkCustomized@12 (line 625)
                      ; - java.lang.invoke.Invokers$Holder::invokeExact_MT@14
                      ; - jdk.internal.reflect.DirectConstructorHandleAccessor::invokeImpl@53 (line 87)
                      ; - jdk.internal.reflect.DirectConstructorHandleAccessor::newInstance@60 (line 62)
                      ;   {internal_word}
  0x0000013958ccb16c: 3d07 49ba | 4ca3 cc58 | 3901 0000 | 4d89 9760 

  0x0000013958ccb17c: ;   {runtime_call SafepointBlob}
  0x0000013958ccb17c: 0400 00e9 | 5cb6 3007 

  0x0000013958ccb184: ;   {metadata({method} {0x00000139001e0e70} 'invokeExact_MT' '(Ljava/lang/Object;Ljava/lang/Object;)Ljava/lang/Object;' in 'java/lang/invoke/Invokers$Holder')}
  0x0000013958ccb184: 49ba 680e | 1e00 3901 | 0000 4c89 | 5424 0848 | c704 24ff 

  0x0000013958ccb198: ;   {runtime_call counter_overflow Runtime1 stub}
  0x0000013958ccb198: ffff ffe8 

  0x0000013958ccb19c: ; ImmutableOopMap {rdx=Oop rsi=Oop rbx=Oop [168]=Oop [200]=Oop }
                      ;*synchronization entry
                      ; - java.lang.invoke.Invokers$Holder::invokeExact_MT@-1
                      ; - jdk.internal.reflect.DirectConstructorHandleAccessor::invokeImpl@40 (line 86)
                      ; - jdk.internal.reflect.DirectConstructorHandleAccessor::newInstance@60 (line 62)
  0x0000013958ccb19c: 40fa 3d07 | e9aa f2ff 

  0x0000013958ccb1a4: ;   {metadata({method} {0x0000013900448928} 'checkExactType' '(Ljava/lang/invoke/MethodHandle;Ljava/lang/invoke/MethodType;)V' in 'java/lang/invoke/Invokers')}
  0x0000013958ccb1a4: ff49 ba20 | 8944 0039 | 0100 004c | 8954 2408 | 48c7 0424 | ffff ffff 

  0x0000013958ccb1bc: ;   {runtime_call counter_overflow Runtime1 stub}
  0x0000013958ccb1bc: e81f fa3d 

  0x0000013958ccb1c0: ; ImmutableOopMap {rdx=Oop rsi=Oop rbx=Oop [168]=Oop [200]=Oop }
                      ;*synchronization entry
                      ; - java.lang.invoke.Invokers::checkExactType@-1 (line 528)
                      ; - java.lang.invoke.Invokers$Holder::invokeExact_MT@10
                      ; - jdk.internal.reflect.DirectConstructorHandleAccessor::invokeImpl@40 (line 86)
                      ; - jdk.internal.reflect.DirectConstructorHandleAccessor::newInstance@60 (line 62)
  0x0000013958ccb1c0: 07e9 2cf3 

  0x0000013958ccb1c4: ;   {runtime_call throw_null_pointer_exception Runtime1 stub}
  0x0000013958ccb1c4: ffff e895 

  0x0000013958ccb1c8: ; ImmutableOopMap {rdx=Oop rsi=Oop rbx=Oop [168]=Oop [200]=Oop }
                      ;*invokevirtual type {reexecute=0 rethrow=0 return_oop=0}
                      ; - java.lang.invoke.Invokers::checkExactType@1 (line 528)
                      ; - java.lang.invoke.Invokers$Holder::invokeExact_MT@10
                      ; - jdk.internal.reflect.DirectConstructorHandleAccessor::invokeImpl@40 (line 86)
                      ; - jdk.internal.reflect.DirectConstructorHandleAccessor::newInstance@60 (line 62)
                      ;   {metadata({method} {0x0000013900448820} 'checkCustomized' '(Ljava/lang/invoke/MethodHandle;)V' in 'java/lang/invoke/Invokers')}
  0x0000013958ccb1c8: 9b3d 0749 | ba18 8844 | 0039 0100 | 004c 8954 | 2408 48c7 | 0424 ffff 

  0x0000013958ccb1e0: ;   {runtime_call counter_overflow Runtime1 stub}
  0x0000013958ccb1e0: ffff e8f9 

  0x0000013958ccb1e4: ; ImmutableOopMap {rdx=Oop rsi=Oop [168]=Oop [200]=Oop }
                      ;*synchronization entry
                      ; - java.lang.invoke.Invokers::checkCustomized@-1 (line 622)
                      ; - java.lang.invoke.Invokers$Holder::invokeExact_MT@14
                      ; - jdk.internal.reflect.DirectConstructorHandleAccessor::invokeImpl@40 (line 86)
                      ; - jdk.internal.reflect.DirectConstructorHandleAccessor::newInstance@60 (line 62)
  0x0000013958ccb1e4: f93d 07e9 | 5ef4 ffff 

  0x0000013958ccb1ec: ;   {metadata({method} {0x00000139001d0a90} 'isCompileConstant' '(Ljava/lang/Object;)Z' in 'java/lang/invoke/MethodHandleImpl')}
  0x0000013958ccb1ec: 49ba 880a | 1d00 3901 | 0000 4c89 | 5424 0848 | c704 24ff 

  0x0000013958ccb200: ;   {runtime_call counter_overflow Runtime1 stub}
  0x0000013958ccb200: ffff ffe8 

  0x0000013958ccb204: ; ImmutableOopMap {rdx=Oop rsi=Oop [168]=Oop [200]=Oop }
                      ;*synchronization entry
                      ; - java.lang.invoke.MethodHandleImpl::isCompileConstant@-1 (line 620)
                      ; - java.lang.invoke.Invokers::checkCustomized@1 (line 622)
                      ; - java.lang.invoke.Invokers$Holder::invokeExact_MT@14
                      ; - jdk.internal.reflect.DirectConstructorHandleAccessor::invokeImpl@40 (line 86)
                      ; - jdk.internal.reflect.DirectConstructorHandleAccessor::newInstance@60 (line 62)
  0x0000013958ccb204: d8f9 3d07 | e976 f4ff 

  0x0000013958ccb20c: ;   {runtime_call throw_null_pointer_exception Runtime1 stub}
  0x0000013958ccb20c: ffe8 4e9b 

  0x0000013958ccb210: ; ImmutableOopMap {rdx=Oop rsi=Oop [168]=Oop [200]=Oop }
                      ;*getfield customized {reexecute=1 rethrow=0 return_oop=0}
                      ; - (reexecute) java.lang.invoke.Invokers::checkCustomized@12 (line 625)
                      ; - java.lang.invoke.Invokers$Holder::invokeExact_MT@14
                      ; - jdk.internal.reflect.DirectConstructorHandleAccessor::invokeImpl@40 (line 86)
                      ; - jdk.internal.reflect.DirectConstructorHandleAccessor::newInstance@60 (line 62)
                      ;   {internal_word}
  0x0000013958ccb210: 3d07 49ba | 06a8 cc58 | 3901 0000 | 4d89 9760 

  0x0000013958ccb220: ;   {runtime_call SafepointBlob}
  0x0000013958ccb220: 0400 00e9 | b8b5 3007 

  0x0000013958ccb228: ;   {runtime_call throw_null_pointer_exception Runtime1 stub}
  0x0000013958ccb228: e833 9b3d 

  0x0000013958ccb22c: ; ImmutableOopMap {rax=Oop [168]=Oop [200]=Oop }
                      ;*athrow {reexecute=1 rethrow=0 return_oop=0}
                      ; - (reexecute) java.lang.invoke.Invokers::checkExactType@15 (line 530)
                      ; - java.lang.invoke.Invokers$Holder::invokeExact_MT@10
                      ; - jdk.internal.reflect.DirectConstructorHandleAccessor::invokeImpl@40 (line 86)
                      ; - jdk.internal.reflect.DirectConstructorHandleAccessor::newInstance@60 (line 62)
                      ;   {runtime_call throw_null_pointer_exception Runtime1 stub}
  0x0000013958ccb22c: 07e8 2e9b 

  0x0000013958ccb230: ; ImmutableOopMap {rax=Oop [168]=Oop [184]=Oop [192]=Oop }
                      ;*athrow {reexecute=1 rethrow=0 return_oop=0}
                      ; - (reexecute) java.lang.invoke.Invokers::checkExactType@15 (line 530)
                      ; - java.lang.invoke.Invokers$Holder::invokeExact_MT@10
                      ; - jdk.internal.reflect.DirectConstructorHandleAccessor::invokeImpl@53 (line 87)
                      ; - jdk.internal.reflect.DirectConstructorHandleAccessor::newInstance@60 (line 62)
                      ;   {metadata({method} {0x000001390025bb40} 'isIllegalArgument' '(Ljava/lang/RuntimeException;)Z' in 'jdk/internal/reflect/DirectConstructorHandleAccessor')}
  0x0000013958ccb230: 3d07 49ba | 38bb 2500 | 3901 0000 | 4c89 5424 | 0848 c704 | 24ff ffff 

  0x0000013958ccb248: ;   {runtime_call counter_overflow Runtime1 stub}
  0x0000013958ccb248: ffe8 92f9 

  0x0000013958ccb24c: ; ImmutableOopMap {rax=Oop }
                      ;*synchronization entry
                      ; - jdk.internal.reflect.DirectConstructorHandleAccessor::isIllegalArgument@-1 (line 79)
                      ; - jdk.internal.reflect.DirectConstructorHandleAccessor::newInstance@96 (line 69)
  0x0000013958ccb24c: 3d07 e9a5 

  0x0000013958ccb250: ;   {metadata({method} {0x000001390025bb40} 'isIllegalArgument' '(Ljava/lang/RuntimeException;)Z' in 'jdk/internal/reflect/DirectConstructorHandleAccessor')}
  0x0000013958ccb250: f6ff ff49 | ba38 bb25 | 0039 0100 | 004c 8954 | 2408 48c7 | 0424 ffff 

  0x0000013958ccb268: ;   {runtime_call counter_overflow Runtime1 stub}
  0x0000013958ccb268: ffff e871 

  0x0000013958ccb26c: ; ImmutableOopMap {rax=Oop }
                      ;*synchronization entry
                      ; - jdk.internal.reflect.DirectConstructorHandleAccessor::isIllegalArgument@-1 (line 79)
                      ; - jdk.internal.reflect.DirectConstructorHandleAccessor::newInstance@67 (line 64)
  0x0000013958ccb26c: f93d 07e9 | 3bf7 ffff 

  0x0000013958ccb274: ;   {metadata(nullptr)}
  0x0000013958ccb274: 48ba 0000 | 0000 0000 | 0000 b800 

  0x0000013958ccb280: ;   {runtime_call load_klass_patching Runtime1 stub}
  0x0000013958ccb280: 0f05 0ae8 

  0x0000013958ccb284: ; ImmutableOopMap {[216]=Oop }
                      ;*new {reexecute=1 rethrow=0 return_oop=0}
                      ; - (reexecute) jdk.internal.reflect.DirectConstructorHandleAccessor::newInstance@73 (line 65)
  0x0000013958ccb284: d8e2 3d07 | e97b f7ff | ff48 8bd2 

  0x0000013958ccb290: ;   {runtime_call fast_new_instance Runtime1 stub}
  0x0000013958ccb290: e8cb a43d 

  0x0000013958ccb294: ; ImmutableOopMap {[216]=Oop }
                      ;*new {reexecute=0 rethrow=0 return_oop=0}
                      ; - jdk.internal.reflect.DirectConstructorHandleAccessor::newInstance@73 (line 65)
  0x0000013958ccb294: 07e9 c6f7 

  0x0000013958ccb298: ;   {metadata(nullptr)}
  0x0000013958ccb298: ffff 48ba | 0000 0000 | 0000 0000 | b800 0f05 

  0x0000013958ccb2a8: ;   {runtime_call load_klass_patching Runtime1 stub}
  0x0000013958ccb2a8: 0ae8 b2e2 

  0x0000013958ccb2ac: ; ImmutableOopMap {r8=Oop }
                      ;*new {reexecute=1 rethrow=0 return_oop=0}
                      ; - (reexecute) jdk.internal.reflect.DirectConstructorHandleAccessor::newInstance@84 (line 67)
  0x0000013958ccb2ac: 3d07 e90d 

  0x0000013958ccb2b0: ;   {runtime_call throw_null_pointer_exception Runtime1 stub}
  0x0000013958ccb2b0: f8ff ffe8 

  0x0000013958ccb2b4: ; ImmutableOopMap {r8=Oop }
                      ;*new {reexecute=0 rethrow=0 return_oop=0}
                      ; - jdk.internal.reflect.DirectConstructorHandleAccessor::newInstance@84 (line 67)
  0x0000013958ccb2b4: a89a 3d07 

  0x0000013958ccb2b8: ;   {runtime_call fast_new_instance_init_check Runtime1 stub}
  0x0000013958ccb2b8: 488b d2e8 

  0x0000013958ccb2bc: ; ImmutableOopMap {r8=Oop }
                      ;*new {reexecute=0 rethrow=0 return_oop=0}
                      ; - jdk.internal.reflect.DirectConstructorHandleAccessor::newInstance@84 (line 67)
  0x0000013958ccb2bc: 20a8 3d07 | e960 f8ff 

  0x0000013958ccb2c4: ;   {metadata(nullptr)}
  0x0000013958ccb2c4: ff48 ba00 | 0000 0000 | 0000 00b8 | 000f 050a 

  0x0000013958ccb2d4: ;   {runtime_call load_klass_patching Runtime1 stub}
  0x0000013958ccb2d4: e887 e23d 

  0x0000013958ccb2d8: ; ImmutableOopMap {[208]=Oop }
                      ;*new {reexecute=1 rethrow=0 return_oop=0}
                      ; - (reexecute) jdk.internal.reflect.DirectConstructorHandleAccessor::newInstance@102 (line 70)
  0x0000013958ccb2d8: 07e9 8af8 | ffff 488b 

  0x0000013958ccb2e0: ;   {runtime_call fast_new_instance Runtime1 stub}
  0x0000013958ccb2e0: d2e8 7aa4 

  0x0000013958ccb2e4: ; ImmutableOopMap {[208]=Oop }
                      ;*new {reexecute=0 rethrow=0 return_oop=0}
                      ; - jdk.internal.reflect.DirectConstructorHandleAccessor::newInstance@102 (line 70)
  0x0000013958ccb2e4: 3d07 e9d5 

  0x0000013958ccb2e8: ;   {metadata(nullptr)}
  0x0000013958ccb2e8: f8ff ff48 | ba00 0000 | 0000 0000 | 00b8 000f 

  0x0000013958ccb2f8: ;   {runtime_call load_klass_patching Runtime1 stub}
  0x0000013958ccb2f8: 050a e861 

  0x0000013958ccb2fc: ; ImmutableOopMap {r8=Oop }
                      ;*new {reexecute=1 rethrow=0 return_oop=0}
                      ; - (reexecute) jdk.internal.reflect.DirectConstructorHandleAccessor::newInstance@111 (line 72)
  0x0000013958ccb2fc: e23d 07e9 | 14f9 ffff 

  0x0000013958ccb304: ;   {runtime_call throw_null_pointer_exception Runtime1 stub}
  0x0000013958ccb304: e857 9a3d 

  0x0000013958ccb308: ; ImmutableOopMap {r8=Oop }
                      ;*new {reexecute=0 rethrow=0 return_oop=0}
                      ; - jdk.internal.reflect.DirectConstructorHandleAccessor::newInstance@111 (line 72)
  0x0000013958ccb308: 0748 8bd2 

  0x0000013958ccb30c: ;   {runtime_call fast_new_instance_init_check Runtime1 stub}
  0x0000013958ccb30c: e8cf a73d 

  0x0000013958ccb310: ; ImmutableOopMap {r8=Oop }
                      ;*new {reexecute=0 rethrow=0 return_oop=0}
                      ; - jdk.internal.reflect.DirectConstructorHandleAccessor::newInstance@111 (line 72)
  0x0000013958ccb310: 07e9 67f9 | ffff 488b 

  0x0000013958ccb318: ;   {runtime_call fast_new_instance Runtime1 stub}
  0x0000013958ccb318: d2e8 42a4 

  0x0000013958ccb31c: ; ImmutableOopMap {rbx=Oop [176]=Oop }
                      ;*new {reexecute=0 rethrow=0 return_oop=0}
                      ; - java.lang.StringBuilder::toString@10 (line 478)
                      ; - jdk.internal.reflect.DirectConstructorHandleAccessor::newInstance@51 (line 59)
  0x0000013958ccb31c: 3d07 e9f5 

  0x0000013958ccb320: ;   {metadata(nullptr)}
  0x0000013958ccb320: f9ff ff48 | ba00 0000 | 0000 0000 | 00b8 000f 

  0x0000013958ccb330: ;   {runtime_call load_klass_patching Runtime1 stub}
  0x0000013958ccb330: 050a e829 

  0x0000013958ccb334: ; ImmutableOopMap {r8=Oop }
                      ;*new {reexecute=1 rethrow=0 return_oop=0}
                      ; - (reexecute) jdk.internal.reflect.DirectConstructorHandleAccessor::newInstance@121 (line 74)
  0x0000013958ccb334: e23d 07e9 | 7cfa ffff 

  0x0000013958ccb33c: ;   {runtime_call throw_null_pointer_exception Runtime1 stub}
  0x0000013958ccb33c: e81f 9a3d 

  0x0000013958ccb340: ; ImmutableOopMap {r8=Oop }
                      ;*new {reexecute=0 rethrow=0 return_oop=0}
                      ; - jdk.internal.reflect.DirectConstructorHandleAccessor::newInstance@121 (line 74)
  0x0000013958ccb340: 0748 8bd2 

  0x0000013958ccb344: ;   {runtime_call fast_new_instance_init_check Runtime1 stub}
  0x0000013958ccb344: e897 a73d 

  0x0000013958ccb348: ; ImmutableOopMap {r8=Oop }
                      ;*new {reexecute=0 rethrow=0 return_oop=0}
                      ; - jdk.internal.reflect.DirectConstructorHandleAccessor::newInstance@121 (line 74)
  0x0000013958ccb348: 07e9 cffa | ffff 498b | 8700 0500 | 0049 c787 | 0005 0000 | 0000 0000 | 49c7 8708 | 0500 0000 
  0x0000013958ccb368: 0000 0048 | 81c4 2001 

  0x0000013958ccb370: ;   {runtime_call unwind_exception Runtime1 stub}
  0x0000013958ccb370: 0000 5de9 | e88a 3d07 
[Stub Code]
  0x0000013958ccb378: ;   {no_reloc}
  0x0000013958ccb378: 0f1f 4400 

  0x0000013958ccb37c: ;   {static_stub}
  0x0000013958ccb37c: 0048 bb00 | 0000 0000 

  0x0000013958ccb384: ;   {runtime_call nmethod}
  0x0000013958ccb384: 0000 00e9 | fbff ffff 

  0x0000013958ccb38c: ;   {static_stub}
  0x0000013958ccb38c: 9048 bb00 | 0000 0000 

  0x0000013958ccb394: ;   {runtime_call nmethod}
  0x0000013958ccb394: 0000 00e9 | fbff ffff 

  0x0000013958ccb39c: ;   {static_stub}
  0x0000013958ccb39c: 9048 bb00 | 0000 0000 

  0x0000013958ccb3a4: ;   {runtime_call nmethod}
  0x0000013958ccb3a4: 0000 00e9 | fbff ffff 

  0x0000013958ccb3ac: ;   {static_stub}
  0x0000013958ccb3ac: 9048 bb00 | 0000 0000 

  0x0000013958ccb3b4: ;   {runtime_call nmethod}
  0x0000013958ccb3b4: 0000 00e9 | fbff ffff 

  0x0000013958ccb3bc: ;   {static_stub}
  0x0000013958ccb3bc: 9048 bb00 | 0000 0000 

  0x0000013958ccb3c4: ;   {runtime_call nmethod}
  0x0000013958ccb3c4: 0000 00e9 | fbff ffff 

  0x0000013958ccb3cc: ;   {static_stub}
  0x0000013958ccb3cc: 9048 bb00 | 0000 0000 

  0x0000013958ccb3d4: ;   {runtime_call nmethod}
  0x0000013958ccb3d4: 0000 00e9 | fbff ffff 

  0x0000013958ccb3dc: ;   {static_stub}
  0x0000013958ccb3dc: 9048 bb00 | 0000 0000 

  0x0000013958ccb3e4: ;   {runtime_call nmethod}
  0x0000013958ccb3e4: 0000 00e9 | fbff ffff 

  0x0000013958ccb3ec: ;   {static_stub}
  0x0000013958ccb3ec: 9048 bb00 | 0000 0000 

  0x0000013958ccb3f4: ;   {runtime_call nmethod}
  0x0000013958ccb3f4: 0000 00e9 | fbff ffff 

  0x0000013958ccb3fc: ;   {static_stub}
  0x0000013958ccb3fc: 9048 bb00 | 0000 0000 

  0x0000013958ccb404: ;   {runtime_call nmethod}
  0x0000013958ccb404: 0000 00e9 | fbff ffff 

  0x0000013958ccb40c: ;   {static_stub}
  0x0000013958ccb40c: 9048 bb00 | 0000 0000 

  0x0000013958ccb414: ;   {runtime_call nmethod}
  0x0000013958ccb414: 0000 00e9 | fbff ffff 

  0x0000013958ccb41c: ;   {static_stub}
  0x0000013958ccb41c: 9048 bb00 | 0000 0000 

  0x0000013958ccb424: ;   {runtime_call nmethod}
  0x0000013958ccb424: 0000 00e9 | fbff ffff 

  0x0000013958ccb42c: ;   {static_stub}
  0x0000013958ccb42c: 9048 bb00 | 0000 0000 

  0x0000013958ccb434: ;   {runtime_call nmethod}
  0x0000013958ccb434: 0000 00e9 | fbff ffff 

  0x0000013958ccb43c: ;   {static_stub}
  0x0000013958ccb43c: 48bb 0000 | 0000 0000 

  0x0000013958ccb444: ;   {runtime_call nmethod}
  0x0000013958ccb444: 0000 e9fb 

  0x0000013958ccb448: ;   {static_stub}
  0x0000013958ccb448: ffff ff48 | bb00 0000 | 0000 0000 

  0x0000013958ccb454: ;   {runtime_call nmethod}
  0x0000013958ccb454: 00e9 fbff 

  0x0000013958ccb458: ;   {static_stub}
  0x0000013958ccb458: ffff 48bb | 0000 0000 | 0000 0000 

  0x0000013958ccb464: ;   {runtime_call nmethod}
  0x0000013958ccb464: e9fb ffff 

  0x0000013958ccb468: ;   {static_stub}
  0x0000013958ccb468: ff48 bb00 | 0000 0000 

  0x0000013958ccb470: ;   {runtime_call nmethod}
  0x0000013958ccb470: 0000 00e9 | fbff ffff 

  0x0000013958ccb478: ;   {static_stub}
  0x0000013958ccb478: 48bb 0000 | 0000 0000 

  0x0000013958ccb480: ;   {runtime_call nmethod}
  0x0000013958ccb480: 0000 e9fb 

  0x0000013958ccb484: ;   {static_stub}
  0x0000013958ccb484: ffff ff48 | bb00 0000 | 0000 0000 

  0x0000013958ccb490: ;   {runtime_call nmethod}
  0x0000013958ccb490: 00e9 fbff 

  0x0000013958ccb494: ;   {static_stub}
  0x0000013958ccb494: ffff 48bb | 0000 0000 | 0000 0000 

  0x0000013958ccb4a0: ;   {runtime_call nmethod}
  0x0000013958ccb4a0: e9fb ffff 

  0x0000013958ccb4a4: ;   {static_stub}
  0x0000013958ccb4a4: ff48 bb00 | 0000 0000 

  0x0000013958ccb4ac: ;   {runtime_call nmethod}
  0x0000013958ccb4ac: 0000 00e9 | fbff ffff 

  0x0000013958ccb4b4: ;   {static_stub}
  0x0000013958ccb4b4: 48bb 0000 | 0000 0000 

  0x0000013958ccb4bc: ;   {runtime_call nmethod}
  0x0000013958ccb4bc: 0000 e9fb 

  0x0000013958ccb4c0: ;   {runtime_call handle_exception_from_callee Runtime1 stub}
  0x0000013958ccb4c0: ffff ffe8 | 98ba 3d07 

  0x0000013958ccb4c8: ;   {external_word}
  0x0000013958ccb4c8: 48b9 40e5 | 2371 fd7f | 0000 4883 

  0x0000013958ccb4d4: ;   {runtime_call}
  0x0000013958ccb4d4: e4f0 48b8 | 504d ea70 | fd7f 0000 

  0x0000013958ccb4e0: ;   {section_word}
  0x0000013958ccb4e0: ffd0 f449 | bae3 b4cc | 5839 0100 

  0x0000013958ccb4ec: ;   {runtime_call DeoptimizationBlob}
  0x0000013958ccb4ec: 0041 52e9 | 0cc7 3007 
[Deopt MH Handler Code]
  0x0000013958ccb4f4: ;   {section_word}
  0x0000013958ccb4f4: 49ba f4b4 | cc58 3901 | 0000 4152 

  0x0000013958ccb500: ;   {runtime_call DeoptimizationBlob}
  0x0000013958ccb500: e9fb c630 | 07f4 f4f4 
[/MachCode]


---------------  P R O C E S S  ---------------

Threads class SMR info:
_java_thread_list=0x000001394611b2e0, length=11, elements={
0x000001394dee3fa0, 0x0000013941135be0, 0x0000013941137450, 0x000001394113cce0,
0x000001394113d830, 0x000001394113e380, 0x000001394113f670, 0x0000013941140880,
0x000001394114c370, 0x0000013941308750, 0x0000013941315840
}

Java Threads: ( => current thread )
=>0x000001394dee3fa0 JavaThread "main"                              [_thread_in_vm, id=29264, stack(0x00000007a3000000,0x00000007a3100000) (1024K)]
  0x0000013941135be0 JavaThread "Reference Handler"          daemon [_thread_blocked, id=28832, stack(0x00000007a3800000,0x00000007a3900000) (1024K)]
  0x0000013941137450 JavaThread "Finalizer"                  daemon [_thread_blocked, id=25568, stack(0x00000007a3900000,0x00000007a3a00000) (1024K)]
  0x000001394113cce0 JavaThread "Signal Dispatcher"          daemon [_thread_blocked, id=25676, stack(0x00000007a3a00000,0x00000007a3b00000) (1024K)]
  0x000001394113d830 JavaThread "Attach Listener"            daemon [_thread_blocked, id=29308, stack(0x00000007a3b00000,0x00000007a3c00000) (1024K)]
  0x000001394113e380 JavaThread "Service Thread"             daemon [_thread_blocked, id=21364, stack(0x00000007a3c00000,0x00000007a3d00000) (1024K)]
  0x000001394113f670 JavaThread "Monitor Deflation Thread"   daemon [_thread_blocked, id=18072, stack(0x00000007a3d00000,0x00000007a3e00000) (1024K)]
  0x0000013941140880 JavaThread "C2 CompilerThread0"         daemon [_thread_blocked, id=26248, stack(0x00000007a3e00000,0x00000007a3f00000) (1024K)]
  0x000001394114c370 JavaThread "C1 CompilerThread0"         daemon [_thread_blocked, id=11240, stack(0x00000007a3f00000,0x00000007a4000000) (1024K)]
  0x0000013941308750 JavaThread "Notification Thread"        daemon [_thread_blocked, id=12040, stack(0x00000007a4000000,0x00000007a4100000) (1024K)]
  0x0000013941315840 JavaThread "Common-Cleaner"             daemon [_thread_blocked, id=2772, stack(0x00000007a4100000,0x00000007a4200000) (1024K)]
Total: 11

Other Threads:
  0x00000139503cbb70 VMThread "VM Thread"                           [id=19924, stack(0x00000007a3700000,0x00000007a3800000) (1024K)]
  0x000001394111c230 WatcherThread "VM Periodic Task Thread"        [id=25740, stack(0x00000007a3600000,0x00000007a3700000) (1024K)]
  0x0000013950340890 WorkerThread "GC Thread#0"                     [id=29044, stack(0x00000007a3100000,0x00000007a3200000) (1024K)]
  0x0000013941d7c4c0 WorkerThread "GC Thread#1"                     [id=14724, stack(0x00000007a4200000,0x00000007a4300000) (1024K)]
  0x0000013941dd9e00 WorkerThread "GC Thread#2"                     [id=8668, stack(0x00000007a4300000,0x00000007a4400000) (1024K)]
  0x0000013941dda1b0 WorkerThread "GC Thread#3"                     [id=3724, stack(0x00000007a4400000,0x00000007a4500000) (1024K)]
  0x000001395034bbd0 ConcurrentGCThread "G1 Main Marker"            [id=13496, stack(0x00000007a3200000,0x00000007a3300000) (1024K)]
  0x000001395034d6f0 WorkerThread "G1 Conc#0"                       [id=1716, stack(0x00000007a3300000,0x00000007a3400000) (1024K)]
  0x00000139503a65f0 ConcurrentGCThread "G1 Refine#0"               [id=18512, stack(0x00000007a3400000,0x00000007a3500000) (1024K)]
  0x00000139503a7170 ConcurrentGCThread "G1 Service"                [id=16696, stack(0x00000007a3500000,0x00000007a3600000) (1024K)]
Total: 10

Threads with active compile tasks:
Total: 0

VM state: not at safepoint (normal execution)

VM Mutex/Monitor currently owned by a thread:  ([mutex/lock_event])
[0x00007ffd714e2888] Metaspace_lock - owner thread: 0x000001394dee3fa0

Heap address: 0x00000000c4e00000, size: 946 MB, Compressed Oops mode: 32-bit

CDS archive(s) mapped at: [0x0000013900000000-0x0000013900d70000-0x0000013900d70000), size 14090240, SharedBaseAddress: 0x0000013900000000, ArchiveRelocationMode: 1.
Compressed class space mapped at: 0x0000013901000000-0x0000013941000000, reserved size: 1073741824
Narrow klass base: 0x0000013900000000, Narrow klass shift: 0, Narrow klass range: 0x41000000

GC Precious Log:
 CardTable entry size: 512
 Card Set container configuration: InlinePtr #cards 5 size 8 Array Of Cards #cards 10 size 36 Howl #buckets 4 coarsen threshold 1843 Howl Bitmap #cards 512 size 80 coarsen threshold 460 Card regions per heap region 1 cards per card region 2048
 CPUs: 4 total, 4 available
 Memory: 3780M
 Large Page Support: Disabled
 NUMA Support: Disabled
 Compressed Oops: Enabled (32-bit)
 Heap Region Size: 1M
 Heap Min Capacity: 8M
 Heap Initial Capacity: 60M
 Heap Max Capacity: 946M
 Pre-touch: Disabled
 Parallel Workers: 4
 Concurrent Workers: 1
 Concurrent Refinement Workers: 4
 Periodic GC: Disabled

Heap:
 garbage-first heap   total reserved 968704K, committed 61440K, used 25937K [0x00000000c4e00000, 0x0000000100000000)
  region size 1024K, 23 young (23552K), 2 survivors (2048K)
 Metaspace       used 13186K, committed 13376K, reserved 1114112K
  class space    used 1660K, committed 1728K, reserved 1048576K

Heap Regions: E=young(eden), S=young(survivor), O=old, HS=humongous(starts), HC=humongous(continues), CS=collection set, F=free, TAMS=top-at-mark-start, PB=parsable bottom
|   0|0x00000000c4e00000, 0x00000000c4f00000, 0x00000000c4f00000|100%| O|  |TAMS 0x00000000c4e00000| PB 0x00000000c4e00000| Untracked |  0
|   1|0x00000000c4f00000, 0x00000000c5000000, 0x00000000c5000000|100%| O|  |TAMS 0x00000000c4f00000| PB 0x00000000c4f00000| Untracked |  0
|   2|0x00000000c5000000, 0x00000000c5100000, 0x00000000c5100000|100%| O|  |TAMS 0x00000000c5000000| PB 0x00000000c5000000| Untracked |  0
|   3|0x00000000c5100000, 0x00000000c5154690, 0x00000000c5200000| 32%| O|  |TAMS 0x00000000c5100000| PB 0x00000000c5100000| Untracked |  0
|   4|0x00000000c5200000, 0x00000000c5200000, 0x00000000c5300000|  0%| F|  |TAMS 0x00000000c5200000| PB 0x00000000c5200000| Untracked |  0
|   5|0x00000000c5300000, 0x00000000c5300000, 0x00000000c5400000|  0%| F|  |TAMS 0x00000000c5300000| PB 0x00000000c5300000| Untracked |  0
|   6|0x00000000c5400000, 0x00000000c5400000, 0x00000000c5500000|  0%| F|  |TAMS 0x00000000c5400000| PB 0x00000000c5400000| Untracked |  0
|   7|0x00000000c5500000, 0x00000000c5500000, 0x00000000c5600000|  0%| F|  |TAMS 0x00000000c5500000| PB 0x00000000c5500000| Untracked |  0
|   8|0x00000000c5600000, 0x00000000c5600000, 0x00000000c5700000|  0%| F|  |TAMS 0x00000000c5600000| PB 0x00000000c5600000| Untracked |  0
|   9|0x00000000c5700000, 0x00000000c5700000, 0x00000000c5800000|  0%| F|  |TAMS 0x00000000c5700000| PB 0x00000000c5700000| Untracked |  0
|  10|0x00000000c5800000, 0x00000000c5800000, 0x00000000c5900000|  0%| F|  |TAMS 0x00000000c5800000| PB 0x00000000c5800000| Untracked |  0
|  11|0x00000000c5900000, 0x00000000c5900000, 0x00000000c5a00000|  0%| F|  |TAMS 0x00000000c5900000| PB 0x00000000c5900000| Untracked |  0
|  12|0x00000000c5a00000, 0x00000000c5a00000, 0x00000000c5b00000|  0%| F|  |TAMS 0x00000000c5a00000| PB 0x00000000c5a00000| Untracked |  0
|  13|0x00000000c5b00000, 0x00000000c5b00000, 0x00000000c5c00000|  0%| F|  |TAMS 0x00000000c5b00000| PB 0x00000000c5b00000| Untracked |  0
|  14|0x00000000c5c00000, 0x00000000c5c00000, 0x00000000c5d00000|  0%| F|  |TAMS 0x00000000c5c00000| PB 0x00000000c5c00000| Untracked |  0
|  15|0x00000000c5d00000, 0x00000000c5d00000, 0x00000000c5e00000|  0%| F|  |TAMS 0x00000000c5d00000| PB 0x00000000c5d00000| Untracked |  0
|  16|0x00000000c5e00000, 0x00000000c5e00000, 0x00000000c5f00000|  0%| F|  |TAMS 0x00000000c5e00000| PB 0x00000000c5e00000| Untracked |  0
|  17|0x00000000c5f00000, 0x00000000c5f00000, 0x00000000c6000000|  0%| F|  |TAMS 0x00000000c5f00000| PB 0x00000000c5f00000| Untracked |  0
|  18|0x00000000c6000000, 0x00000000c6000000, 0x00000000c6100000|  0%| F|  |TAMS 0x00000000c6000000| PB 0x00000000c6000000| Untracked |  0
|  19|0x00000000c6100000, 0x00000000c6100000, 0x00000000c6200000|  0%| F|  |TAMS 0x00000000c6100000| PB 0x00000000c6100000| Untracked |  0
|  20|0x00000000c6200000, 0x00000000c6200000, 0x00000000c6300000|  0%| F|  |TAMS 0x00000000c6200000| PB 0x00000000c6200000| Untracked |  0
|  21|0x00000000c6300000, 0x00000000c6300000, 0x00000000c6400000|  0%| F|  |TAMS 0x00000000c6300000| PB 0x00000000c6300000| Untracked |  0
|  22|0x00000000c6400000, 0x00000000c6400000, 0x00000000c6500000|  0%| F|  |TAMS 0x00000000c6400000| PB 0x00000000c6400000| Untracked |  0
|  23|0x00000000c6500000, 0x00000000c6500000, 0x00000000c6600000|  0%| F|  |TAMS 0x00000000c6500000| PB 0x00000000c6500000| Untracked |  0
|  24|0x00000000c6600000, 0x00000000c6600000, 0x00000000c6700000|  0%| F|  |TAMS 0x00000000c6600000| PB 0x00000000c6600000| Untracked |  0
|  25|0x00000000c6700000, 0x00000000c6700000, 0x00000000c6800000|  0%| F|  |TAMS 0x00000000c6700000| PB 0x00000000c6700000| Untracked |  0
|  26|0x00000000c6800000, 0x00000000c6800000, 0x00000000c6900000|  0%| F|  |TAMS 0x00000000c6800000| PB 0x00000000c6800000| Untracked |  0
|  27|0x00000000c6900000, 0x00000000c6900000, 0x00000000c6a00000|  0%| F|  |TAMS 0x00000000c6900000| PB 0x00000000c6900000| Untracked |  0
|  28|0x00000000c6a00000, 0x00000000c6a00000, 0x00000000c6b00000|  0%| F|  |TAMS 0x00000000c6a00000| PB 0x00000000c6a00000| Untracked |  0
|  29|0x00000000c6b00000, 0x00000000c6c00000, 0x00000000c6c00000|100%| S|CS|TAMS 0x00000000c6b00000| PB 0x00000000c6b00000| Complete |  0
|  30|0x00000000c6c00000, 0x00000000c6d00000, 0x00000000c6d00000|100%| S|CS|TAMS 0x00000000c6c00000| PB 0x00000000c6c00000| Complete |  0
|  31|0x00000000c6d00000, 0x00000000c6d00000, 0x00000000c6e00000|  0%| F|  |TAMS 0x00000000c6d00000| PB 0x00000000c6d00000| Untracked |  0
|  32|0x00000000c6e00000, 0x00000000c6e00000, 0x00000000c6f00000|  0%| F|  |TAMS 0x00000000c6e00000| PB 0x00000000c6e00000| Untracked |  0
|  33|0x00000000c6f00000, 0x00000000c6f00000, 0x00000000c7000000|  0%| F|  |TAMS 0x00000000c6f00000| PB 0x00000000c6f00000| Untracked |  0
|  34|0x00000000c7000000, 0x00000000c7000000, 0x00000000c7100000|  0%| F|  |TAMS 0x00000000c7000000| PB 0x00000000c7000000| Untracked |  0
|  35|0x00000000c7100000, 0x00000000c7100000, 0x00000000c7200000|  0%| F|  |TAMS 0x00000000c7100000| PB 0x00000000c7100000| Untracked |  0
|  36|0x00000000c7200000, 0x00000000c7200000, 0x00000000c7300000|  0%| F|  |TAMS 0x00000000c7200000| PB 0x00000000c7200000| Untracked |  0
|  37|0x00000000c7300000, 0x00000000c7300000, 0x00000000c7400000|  0%| F|  |TAMS 0x00000000c7300000| PB 0x00000000c7300000| Untracked |  0
|  38|0x00000000c7400000, 0x00000000c7400000, 0x00000000c7500000|  0%| F|  |TAMS 0x00000000c7400000| PB 0x00000000c7400000| Untracked |  0
|  39|0x00000000c7500000, 0x00000000c7580000, 0x00000000c7600000| 50%| E|  |TAMS 0x00000000c7500000| PB 0x00000000c7500000| Complete |  0
|  40|0x00000000c7600000, 0x00000000c7700000, 0x00000000c7700000|100%| E|CS|TAMS 0x00000000c7600000| PB 0x00000000c7600000| Complete |  0
|  41|0x00000000c7700000, 0x00000000c7800000, 0x00000000c7800000|100%| E|CS|TAMS 0x00000000c7700000| PB 0x00000000c7700000| Complete |  0
|  42|0x00000000c7800000, 0x00000000c7900000, 0x00000000c7900000|100%| E|CS|TAMS 0x00000000c7800000| PB 0x00000000c7800000| Complete |  0
|  43|0x00000000c7900000, 0x00000000c7a00000, 0x00000000c7a00000|100%| E|CS|TAMS 0x00000000c7900000| PB 0x00000000c7900000| Complete |  0
|  44|0x00000000c7a00000, 0x00000000c7b00000, 0x00000000c7b00000|100%| E|CS|TAMS 0x00000000c7a00000| PB 0x00000000c7a00000| Complete |  0
|  45|0x00000000c7b00000, 0x00000000c7c00000, 0x00000000c7c00000|100%| E|CS|TAMS 0x00000000c7b00000| PB 0x00000000c7b00000| Complete |  0
|  46|0x00000000c7c00000, 0x00000000c7d00000, 0x00000000c7d00000|100%| E|CS|TAMS 0x00000000c7c00000| PB 0x00000000c7c00000| Complete |  0
|  47|0x00000000c7d00000, 0x00000000c7e00000, 0x00000000c7e00000|100%| E|CS|TAMS 0x00000000c7d00000| PB 0x00000000c7d00000| Complete |  0
|  48|0x00000000c7e00000, 0x00000000c7f00000, 0x00000000c7f00000|100%| E|CS|TAMS 0x00000000c7e00000| PB 0x00000000c7e00000| Complete |  0
|  49|0x00000000c7f00000, 0x00000000c8000000, 0x00000000c8000000|100%| E|CS|TAMS 0x00000000c7f00000| PB 0x00000000c7f00000| Complete |  0
|  50|0x00000000c8000000, 0x00000000c8100000, 0x00000000c8100000|100%| E|CS|TAMS 0x00000000c8000000| PB 0x00000000c8000000| Complete |  0
|  51|0x00000000c8100000, 0x00000000c8200000, 0x00000000c8200000|100%| E|CS|TAMS 0x00000000c8100000| PB 0x00000000c8100000| Complete |  0
|  52|0x00000000c8200000, 0x00000000c8300000, 0x00000000c8300000|100%| E|CS|TAMS 0x00000000c8200000| PB 0x00000000c8200000| Complete |  0
|  53|0x00000000c8300000, 0x00000000c8400000, 0x00000000c8400000|100%| E|CS|TAMS 0x00000000c8300000| PB 0x00000000c8300000| Complete |  0
|  54|0x00000000c8400000, 0x00000000c8500000, 0x00000000c8500000|100%| E|CS|TAMS 0x00000000c8400000| PB 0x00000000c8400000| Complete |  0
|  55|0x00000000c8500000, 0x00000000c8600000, 0x00000000c8600000|100%| E|CS|TAMS 0x00000000c8500000| PB 0x00000000c8500000| Complete |  0
|  56|0x00000000c8600000, 0x00000000c8700000, 0x00000000c8700000|100%| E|CS|TAMS 0x00000000c8600000| PB 0x00000000c8600000| Complete |  0
|  57|0x00000000c8700000, 0x00000000c8800000, 0x00000000c8800000|100%| E|CS|TAMS 0x00000000c8700000| PB 0x00000000c8700000| Complete |  0
|  58|0x00000000c8800000, 0x00000000c8900000, 0x00000000c8900000|100%| E|CS|TAMS 0x00000000c8800000| PB 0x00000000c8800000| Complete |  0
|  59|0x00000000c8900000, 0x00000000c8a00000, 0x00000000c8a00000|100%| E|CS|TAMS 0x00000000c8900000| PB 0x00000000c8900000| Complete |  0

Card table byte_map: [0x0000013967a50000,0x0000013967c30000] _byte_map_base: 0x0000013967429000

Marking Bits: (CMBitMap*) 0x0000013950340fa0
 Bits: [0x0000013967c30000, 0x0000013968af8000)

Polling page: 0x000001394e2a0000

Metaspace:

Usage:
  Non-class:     11.26 MB used.
      Class:      1.62 MB used.
       Both:     12.88 MB used.

Virtual space:
  Non-class space:       64.00 MB reserved,      11.38 MB ( 18%) committed,  1 nodes.
      Class space:        1.00 GB reserved,       1.69 MB ( <1%) committed,  1 nodes.
             Both:        1.06 GB reserved,      13.06 MB (  1%) committed. 

Chunk freelists:
   Non-Class:  4.01 MB
       Class:  14.15 MB
        Both:  18.17 MB

MaxMetaspaceSize: unlimited
CompressedClassSpaceSize: 1.00 GB
Initial GC threshold: 21.00 MB
Current GC threshold: 21.00 MB
CDS: on
 - commit_granule_bytes: 65536.
 - commit_granule_words: 8192.
 - virtual_space_node_default_size: 8388608.
 - enlarge_chunks_in_place: 1.
 - use_allocation_guard: 0.


Internal statistics:

num_allocs_failed_limit: 0.
num_arena_births: 100.
num_arena_deaths: 0.
num_vsnodes_births: 2.
num_vsnodes_deaths: 0.
num_space_committed: 209.
num_space_uncommitted: 0.
num_chunks_returned_to_freelist: 0.
num_chunks_taken_from_freelist: 516.
num_chunk_merges: 0.
num_chunk_splits: 365.
num_chunks_enlarged: 300.
num_inconsistent_stats: 0.

CodeHeap 'non-profiled nmethods': size=120064Kb used=921Kb max_used=921Kb free=119142Kb
 bounds [0x0000013960510000, 0x0000013960780000, 0x0000013967a50000]
CodeHeap 'profiled nmethods': size=120000Kb used=4412Kb max_used=4412Kb free=115587Kb
 bounds [0x0000013958a50000, 0x0000013958ea0000, 0x000001395ff80000]
CodeHeap 'non-nmethods': size=5696Kb used=1499Kb max_used=1511Kb free=4197Kb
 bounds [0x000001395ff80000, 0x00000139601f0000, 0x0000013960510000]
CodeCache: size=245760Kb, used=6832Kb, max_used=6844Kb, free=238926Kb
 total_blobs=3428, nmethods=2936, adapters=397, full_count=0
Compilation: enabled, stopped_count=0, restarted_count=0

Compilation events (20 events):
Event: 7.340 Thread 0x000001394114c370 2925       1       sun.security.util.KnownOIDs::registerNames (2 bytes)
Event: 7.340 Thread 0x000001394114c370 nmethod 2925 0x00000139605f5888 code [0x00000139605f59a0, 0x00000139605f5a68]
Event: 7.346 Thread 0x000001394114c370 2926       3       java.lang.String::toUpperCase (29 bytes)
Event: 7.347 Thread 0x000001394114c370 nmethod 2926 0x0000013958e97f08 code [0x0000013958e98060, 0x0000013958e98318]
Event: 7.352 Thread 0x000001394114c370 2927       3       java.util.Objects::nonNull (10 bytes)
Event: 7.352 Thread 0x000001394114c370 nmethod 2927 0x0000013958e98388 code [0x0000013958e984a0, 0x0000013958e985d8]
Event: 7.354 Thread 0x000001394114c370 2928       3       sun.security.util.KnownOIDs::register (349 bytes)
Event: 7.357 Thread 0x000001394114c370 nmethod 2928 0x0000013958e98688 code [0x0000013958e98d60, 0x0000013958e9c520]
Event: 7.357 Thread 0x000001394114c370 2929  s    3       java.util.Properties::put (10 bytes)
Event: 7.357 Thread 0x000001394114c370 nmethod 2929 0x0000013958e9c608 code [0x0000013958e9c740, 0x0000013958e9ca58]
Event: 7.360 Thread 0x000001394114c370 2930       3       java.lang.invoke.AbstractValidatingLambdaMetafactory::isAdaptableTo (126 bytes)
Event: 7.361 Thread 0x000001394114c370 nmethod 2930 0x0000013958e9ca88 code [0x0000013958e9cca0, 0x0000013958e9d5d0]
Event: 7.365 Thread 0x000001394114c370 2932       3       java.lang.invoke.InvokerBytecodeGenerator::emitLoadInsn (21 bytes)
Event: 7.365 Thread 0x000001394114c370 nmethod 2932 0x0000013958e9d688 code [0x0000013958e9d7c0, 0x0000013958e9da18]
Event: 7.365 Thread 0x000001394114c370 2933       3       java.lang.invoke.InvokerBytecodeGenerator::emitPushArgument (150 bytes)
Event: 7.366 Thread 0x000001394114c370 nmethod 2933 0x0000013958e9da88 code [0x0000013958e9dce0, 0x0000013958e9e9d0]
Event: 7.366 Thread 0x000001394114c370 2934       3       jdk.internal.org.objectweb.asm.ByteVector::put11 (52 bytes)
Event: 7.366 Thread 0x000001394114c370 nmethod 2934 0x0000013958e9ea88 code [0x0000013958e9ebc0, 0x0000013958e9edc0]
Event: 7.366 Thread 0x000001394114c370 2935       3       java.lang.invoke.MemberName::isMethod (8 bytes)
Event: 7.366 Thread 0x000001394114c370 nmethod 2935 0x0000013958e9ee08 code [0x0000013958e9ef20, 0x0000013958e9f0e8]

GC Heap History (6 events):
Event: 2.810 GC heap before
{Heap before GC invocations=0 (full 0):
 garbage-first heap   total reserved 968704K, committed 61440K, used 13312K [0x00000000c4e00000, 0x0000000100000000)
  region size 1024K, 14 young (14336K), 0 survivors (0K)
 Metaspace       used 3716K, committed 3904K, reserved 1114112K
  class space    used 391K, committed 512K, reserved 1048576K
}
Event: 2.832 GC heap after
{Heap after GC invocations=1 (full 0):
 garbage-first heap   total reserved 968704K, committed 61440K, used 3264K [0x00000000c4e00000, 0x0000000100000000)
  region size 1024K, 2 young (2048K), 2 survivors (2048K)
 Metaspace       used 3716K, committed 3904K, reserved 1114112K
  class space    used 391K, committed 512K, reserved 1048576K
}
Event: 3.796 GC heap before
{Heap before GC invocations=1 (full 0):
 garbage-first heap   total reserved 968704K, committed 61440K, used 14528K [0x00000000c4e00000, 0x0000000100000000)
  region size 1024K, 14 young (14336K), 2 survivors (2048K)
 Metaspace       used 5998K, committed 6208K, reserved 1114112K
  class space    used 740K, committed 832K, reserved 1048576K
}
Event: 3.802 GC heap after
{Heap after GC invocations=2 (full 0):
 garbage-first heap   total reserved 968704K, committed 61440K, used 4279K [0x00000000c4e00000, 0x0000000100000000)
  region size 1024K, 1 young (1024K), 1 survivors (1024K)
 Metaspace       used 5998K, committed 6208K, reserved 1114112K
  class space    used 740K, committed 832K, reserved 1048576K
}
Event: 5.488 GC heap before
{Heap before GC invocations=2 (full 0):
 garbage-first heap   total reserved 968704K, committed 61440K, used 32951K [0x00000000c4e00000, 0x0000000100000000)
  region size 1024K, 29 young (29696K), 1 survivors (1024K)
 Metaspace       used 9451K, committed 9664K, reserved 1114112K
  class space    used 1167K, committed 1280K, reserved 1048576K
}
Event: 5.494 GC heap after
{Heap after GC invocations=3 (full 0):
 garbage-first heap   total reserved 968704K, committed 61440K, used 5457K [0x00000000c4e00000, 0x0000000100000000)
  region size 1024K, 2 young (2048K), 2 survivors (2048K)
 Metaspace       used 9451K, committed 9664K, reserved 1114112K
  class space    used 1167K, committed 1280K, reserved 1048576K
}

Dll operation events (8 events):
Event: 0.069 Loaded shared library C:\Program Files\Java\jdk-23\bin\java.dll
Event: 0.365 Loaded shared library C:\Program Files\Java\jdk-23\bin\jsvml.dll
Event: 0.432 Loaded shared library C:\Program Files\Java\jdk-23\bin\net.dll
Event: 0.450 Loaded shared library C:\Program Files\Java\jdk-23\bin\nio.dll
Event: 0.462 Loaded shared library C:\Program Files\Java\jdk-23\bin\zip.dll
Event: 1.517 Loaded shared library C:\Program Files\Maven\lib\jansi-native\Windows\x86_64\jansi.dll
Event: 1.640 Loaded shared library C:\Program Files\Java\jdk-23\bin\verify.dll
Event: 1.769 Loaded shared library C:\Program Files\Java\jdk-23\bin\jimage.dll

Deoptimization events (20 events):
Event: 7.193 Thread 0x000001394dee3fa0 Uncommon trap: trap_request=0xffffffd6 fr.pc=0x00000139605eddc8 relative=0x0000000000000b08
Event: 7.193 Thread 0x000001394dee3fa0 Uncommon trap: reason=array_check action=maybe_recompile pc=0x00000139605eddc8 method=com.google.inject.internal.MoreTypes$ParameterizedTypeImpl.<init>(Ljava/lang/reflect/Type;Ljava/lang/reflect/Type;[Ljava/lang/reflect/Type;)V @ 200 c2
Event: 7.193 Thread 0x000001394dee3fa0 DEOPT PACKING pc=0x00000139605eddc8 sp=0x00000007a30f96e0
Event: 7.193 Thread 0x000001394dee3fa0 DEOPT UNPACKING pc=0x000001395ffd7982 sp=0x00000007a30f95f8 mode 2
Event: 7.193 Thread 0x000001394dee3fa0 Uncommon trap: trap_request=0xffffffd6 fr.pc=0x00000139605eddc8 relative=0x0000000000000b08
Event: 7.193 Thread 0x000001394dee3fa0 Uncommon trap: reason=array_check action=maybe_recompile pc=0x00000139605eddc8 method=com.google.inject.internal.MoreTypes$ParameterizedTypeImpl.<init>(Ljava/lang/reflect/Type;Ljava/lang/reflect/Type;[Ljava/lang/reflect/Type;)V @ 200 c2
Event: 7.193 Thread 0x000001394dee3fa0 DEOPT PACKING pc=0x00000139605eddc8 sp=0x00000007a30f96e0
Event: 7.193 Thread 0x000001394dee3fa0 DEOPT UNPACKING pc=0x000001395ffd7982 sp=0x00000007a30f95f8 mode 2
Event: 7.193 Thread 0x000001394dee3fa0 Uncommon trap: trap_request=0xffffffd6 fr.pc=0x00000139605eddc8 relative=0x0000000000000b08
Event: 7.193 Thread 0x000001394dee3fa0 Uncommon trap: reason=array_check action=maybe_recompile pc=0x00000139605eddc8 method=com.google.inject.internal.MoreTypes$ParameterizedTypeImpl.<init>(Ljava/lang/reflect/Type;Ljava/lang/reflect/Type;[Ljava/lang/reflect/Type;)V @ 200 c2
Event: 7.193 Thread 0x000001394dee3fa0 DEOPT PACKING pc=0x00000139605eddc8 sp=0x00000007a30f96c0
Event: 7.193 Thread 0x000001394dee3fa0 DEOPT UNPACKING pc=0x000001395ffd7982 sp=0x00000007a30f95d8 mode 2
Event: 7.196 Thread 0x000001394dee3fa0 Uncommon trap: trap_request=0xffffffd6 fr.pc=0x00000139605eddc8 relative=0x0000000000000b08
Event: 7.196 Thread 0x000001394dee3fa0 Uncommon trap: reason=array_check action=maybe_recompile pc=0x00000139605eddc8 method=com.google.inject.internal.MoreTypes$ParameterizedTypeImpl.<init>(Ljava/lang/reflect/Type;Ljava/lang/reflect/Type;[Ljava/lang/reflect/Type;)V @ 200 c2
Event: 7.196 Thread 0x000001394dee3fa0 DEOPT PACKING pc=0x00000139605eddc8 sp=0x00000007a30f9fc0
Event: 7.196 Thread 0x000001394dee3fa0 DEOPT UNPACKING pc=0x000001395ffd7982 sp=0x00000007a30f9ed8 mode 2
Event: 7.297 Thread 0x000001394dee3fa0 Uncommon trap: trap_request=0xffffff45 fr.pc=0x00000139605f2a64 relative=0x0000000000000324
Event: 7.297 Thread 0x000001394dee3fa0 Uncommon trap: reason=unstable_if action=reinterpret pc=0x00000139605f2a64 method=org.eclipse.sisu.inject.InjectorBindings.isAssignableFrom(Lcom/google/inject/TypeLiteral;Lcom/google/inject/Binding;)Z @ 15 c2
Event: 7.297 Thread 0x000001394dee3fa0 DEOPT PACKING pc=0x00000139605f2a64 sp=0x00000007a30fdd30
Event: 7.297 Thread 0x000001394dee3fa0 DEOPT UNPACKING pc=0x000001395ffd7982 sp=0x00000007a30fdcf0 mode 2

Classes loaded (20 events):
Event: 7.359 Loading class sun/security/provider/DRBG
Event: 7.359 Loading class java/security/SecureRandomSpi
Event: 7.359 Loading class java/security/SecureRandomSpi done
Event: 7.359 Loading class sun/security/provider/DRBG done
Event: 7.360 Loading class java/security/DrbgParameters$Capability
Event: 7.361 Loading class java/security/DrbgParameters$Capability done
Event: 7.361 Loading class sun/security/provider/MoreDrbgParameters
Event: 7.361 Loading class sun/security/provider/MoreDrbgParameters done
Event: 7.361 Loading class java/security/DrbgParameters
Event: 7.361 Loading class java/security/DrbgParameters done
Event: 7.361 Loading class java/security/DrbgParameters$Instantiation
Event: 7.361 Loading class java/security/DrbgParameters$Instantiation done
Event: 7.362 Loading class sun/security/provider/HashDrbg
Event: 7.362 Loading class sun/security/provider/AbstractHashDrbg
Event: 7.362 Loading class sun/security/provider/AbstractDrbg
Event: 7.362 Loading class sun/security/provider/AbstractDrbg done
Event: 7.363 Loading class sun/security/provider/AbstractHashDrbg done
Event: 7.363 Loading class sun/security/provider/HashDrbg done
Event: 7.363 Loading class sun/security/provider/EntropySource
Event: 7.363 Loading class sun/security/provider/EntropySource done

Classes unloaded (0 events):
No events

Classes redefined (0 events):
No events

Internal exceptions (20 events):
Event: 1.599 Thread 0x000001394dee3fa0 Exception <a 'java/lang/NullPointerException'{0x00000000c843b950}> (0x00000000c843b950) 
thrown [s\open\src\hotspot\share\interpreter\linkResolver.cpp, line 1389]
Event: 1.599 Thread 0x000001394dee3fa0 Exception <a 'java/lang/NullPointerException'{0x00000000c843bc30}> (0x00000000c843bc30) 
thrown [s\open\src\hotspot\share\interpreter\linkResolver.cpp, line 1389]
Event: 1.599 Thread 0x000001394dee3fa0 Exception <a 'java/lang/NullPointerException'{0x00000000c843bf10}> (0x00000000c843bf10) 
thrown [s\open\src\hotspot\share\interpreter\linkResolver.cpp, line 1389]
Event: 1.681 Thread 0x000001394dee3fa0 Exception <a 'java/lang/NoSuchMethodError'{0x00000000c84b0438}: 'void java.lang.invoke.DirectMethodHandle$Holder.invokeVirtual(java.lang.Object, java.lang.Object)'> (0x00000000c84b0438) 
thrown [s\open\src\hotspot\share\interpreter\linkResolver.cpp, line 796]
Event: 1.710 Thread 0x000001394dee3fa0 Exception <a 'java/lang/NoSuchMethodError'{0x00000000c84ccc58}: 'void java.lang.invoke.DirectMethodHandle$Holder.invokeStatic(java.lang.Object, java.lang.Object)'> (0x00000000c84ccc58) 
thrown [s\open\src\hotspot\share\interpreter\linkResolver.cpp, line 796]
Event: 1.711 Thread 0x000001394dee3fa0 Exception <a 'java/lang/NoSuchMethodError'{0x00000000c84cfd58}: 'void java.lang.invoke.DirectMethodHandle$Holder.invokeStaticInit(java.lang.Object, java.lang.Object)'> (0x00000000c84cfd58) 
thrown [s\open\src\hotspot\share\interpreter\linkResolver.cpp, line 796]
Event: 2.047 Thread 0x000001394dee3fa0 Exception <a 'java/lang/NoSuchMethodError'{0x00000000c810b220}: 'java.lang.Object java.lang.invoke.DirectMethodHandle$Holder.invokeSpecialIFC(java.lang.Object, java.lang.Object, java.lang.Object, java.lang.Object)'> (0x00000000c810b220) 
thrown [s\open\src\hotspot\share\interpreter\linkResolver.cpp, line 796]
Event: 2.898 Thread 0x000001394dee3fa0 Exception <a 'java/lang/NoSuchMethodError'{0x00000000c89ce530}: 'void java.lang.invoke.DirectMethodHandle$Holder.invokeSpecial(java.lang.Object, java.lang.Object, java.lang.Object)'> (0x00000000c89ce530) 
thrown [s\open\src\hotspot\share\interpreter\linkResolver.cpp, line 796]
Event: 3.059 Thread 0x000001394dee3fa0 Exception <a 'java/lang/NoSuchMethodError'{0x00000000c8740748}: 'java.lang.Object java.lang.invoke.DirectMethodHandle$Holder.invokeInterface(java.lang.Object, java.lang.Object)'> (0x00000000c8740748) 
thrown [s\open\src\hotspot\share\interpreter\linkResolver.cpp, line 796]
Event: 3.116 Thread 0x000001394dee3fa0 Exception <a 'java/lang/NoSuchMethodError'{0x00000000c87f1218}: 'int java.lang.invoke.DirectMethodHandle$Holder.invokeStatic(java.lang.Object, java.lang.Object, java.lang.Object, java.lang.Object)'> (0x00000000c87f1218) 
thrown [s\open\src\hotspot\share\interpreter\linkResolver.cpp, line 796]
Event: 3.121 Thread 0x000001394dee3fa0 Exception <a 'java/lang/NoSuchMethodError'{0x00000000c87ffc68}: 'int java.lang.invoke.DirectMethodHandle$Holder.invokeSpecialIFC(java.lang.Object, java.lang.Object, java.lang.Object, java.lang.Object, java.lang.Object)'> (0x00000000c87ffc68) 
thrown [s\open\src\hotspot\share\interpreter\linkResolver.cpp, line 796]
Event: 3.345 Thread 0x000001394dee3fa0 Exception <a 'java/lang/NoSuchMethodError'{0x00000000c85cc638}: 'void java.lang.invoke.DirectMethodHandle$Holder.invokeStatic(java.lang.Object, int, java.lang.Object)'> (0x00000000c85cc638) 
thrown [s\open\src\hotspot\share\interpreter\linkResolver.cpp, line 796]
Event: 3.548 Thread 0x000001394dee3fa0 Exception <a 'java/lang/NoSuchMethodError'{0x00000000c836f5c0}: 'int java.lang.invoke.DirectMethodHandle$Holder.invokeStaticInit(java.lang.Object, java.lang.Object)'> (0x00000000c836f5c0) 
thrown [s\open\src\hotspot\share\interpreter\linkResolver.cpp, line 796]
Event: 3.566 Thread 0x000001394dee3fa0 Exception <a 'java/lang/NoClassDefFoundError'{0x00000000c83aade8}: javax/enterprise/inject/Typed> (0x00000000c83aade8) 
thrown [s\open\src\hotspot\share\classfile\systemDictionary.cpp, line 302]
Event: 6.169 Thread 0x000001394dee3fa0 Exception <a 'java/lang/NoSuchMethodError'{0x00000000c814bef8}: 'void java.lang.invoke.DirectMethodHandle$Holder.invokeStaticInit(java.lang.Object, java.lang.Object, java.lang.Object)'> (0x00000000c814bef8) 
thrown [s\open\src\hotspot\share\interpreter\linkResolver.cpp, line 796]
Event: 6.199 Thread 0x000001394dee3fa0 Implicit null exception at 0x0000013960596b3d to 0x0000013960596cc8
Event: 6.205 Thread 0x000001394dee3fa0 Exception <a 'java/lang/NoSuchMethodError'{0x00000000c81c0230}: 'java.lang.Object java.lang.invoke.Invokers$Holder.invokeExact_MT(java.lang.Object, int, java.lang.Object)'> (0x00000000c81c0230) 
thrown [s\open\src\hotspot\share\interpreter\linkResolver.cpp, line 796]
Event: 7.028 Thread 0x000001394dee3fa0 Exception <a 'java/lang/NoSuchMethodError'{0x00000000c7854ec0}: 'void java.lang.invoke.Invokers$Holder.invokeExact_MT(java.lang.Object, java.lang.Object, java.lang.Object, java.lang.Object)'> (0x00000000c7854ec0) 
thrown [s\open\src\hotspot\share\interpreter\linkResolver.cpp, line 796]
Event: 7.097 Thread 0x000001394dee3fa0 Exception <a 'java/lang/NoClassDefFoundError'{0x00000000c78ef840}: com/google/inject/servlet/ServletModuleTargetVisitor> (0x00000000c78ef840) 
thrown [s\open\src\hotspot\share\classfile\systemDictionary.cpp, line 302]
Event: 7.364 Thread 0x000001394dee3fa0 Exception <a 'java/lang/NoSuchMethodError'{0x00000000c7566390}: 'java.lang.Object java.lang.invoke.DirectMethodHandle$Holder.invokeStaticInit(java.lang.Object, int, int, int, int)'> (0x00000000c7566390) 
thrown [s\open\src\hotspot\share\interpreter\linkResolver.cpp, line 796]

VM Operations (20 events):
Event: 4.984 Executing VM operation: HandshakeAllThreads (Deoptimize)
Event: 4.984 Executing VM operation: HandshakeAllThreads (Deoptimize) done
Event: 5.073 Executing VM operation: HandshakeAllThreads (Deoptimize)
Event: 5.074 Executing VM operation: HandshakeAllThreads (Deoptimize) done
Event: 5.488 Executing VM operation: G1CollectForAllocation (G1 Evacuation Pause)
Event: 5.494 Executing VM operation: G1CollectForAllocation (G1 Evacuation Pause) done
Event: 6.178 Executing VM operation: HandshakeAllThreads (Deoptimize)
Event: 6.178 Executing VM operation: HandshakeAllThreads (Deoptimize) done
Event: 6.336 Executing VM operation: HandshakeAllThreads (Deoptimize)
Event: 6.336 Executing VM operation: HandshakeAllThreads (Deoptimize) done
Event: 6.342 Executing VM operation: HandshakeAllThreads (Deoptimize)
Event: 6.342 Executing VM operation: HandshakeAllThreads (Deoptimize) done
Event: 6.514 Executing VM operation: HandshakeAllThreads (Deoptimize)
Event: 6.514 Executing VM operation: HandshakeAllThreads (Deoptimize) done
Event: 7.001 Executing VM operation: HandshakeAllThreads (Deoptimize)
Event: 7.001 Executing VM operation: HandshakeAllThreads (Deoptimize) done
Event: 7.253 Executing VM operation: HandshakeAllThreads (Deoptimize)
Event: 7.254 Executing VM operation: HandshakeAllThreads (Deoptimize) done
Event: 7.303 Executing VM operation: HandshakeAllThreads (Deoptimize)
Event: 7.304 Executing VM operation: HandshakeAllThreads (Deoptimize) done

Memory protections (0 events):
No events

Nmethod flushes (0 events):
No events

Events (17 events):
Event: 0.192 Thread 0x000001394dee3fa0 Thread added: 0x000001394dee3fa0
Event: 0.330 Thread 0x000001394dee3fa0 Thread added: 0x0000013941135be0
Event: 0.331 Thread 0x000001394dee3fa0 Thread added: 0x0000013941137450
Event: 0.332 Thread 0x000001394dee3fa0 Thread added: 0x000001394113cce0
Event: 0.333 Thread 0x000001394dee3fa0 Thread added: 0x000001394113d830
Event: 0.333 Thread 0x000001394dee3fa0 Thread added: 0x000001394113e380
Event: 0.333 Thread 0x000001394dee3fa0 Thread added: 0x000001394113f670
Event: 0.334 Thread 0x000001394dee3fa0 Thread added: 0x0000013941140880
Event: 0.336 Thread 0x000001394dee3fa0 Thread added: 0x000001394114c370
Event: 0.410 Thread 0x000001394dee3fa0 Thread added: 0x0000013941308750
Event: 0.419 Thread 0x000001394dee3fa0 Thread added: 0x0000013941315840
Event: 1.506 Thread 0x000001394dee3fa0 Thread added: 0x000001394192b420
Event: 2.756 Thread 0x000001394192b420 Thread exited: 0x000001394192b420
Event: 3.641 Thread 0x000001394114c370 Thread added: 0x00000139461e1410
Event: 3.977 Thread 0x00000139461e1410 Thread exited: 0x00000139461e1410
Event: 4.054 Thread 0x000001394114c370 Thread added: 0x0000013941eee270
Event: 5.281 Thread 0x0000013941eee270 Thread exited: 0x0000013941eee270


Dynamic libraries:
0x00007ff7b9200000 - 0x00007ff7b9210000 	C:\Program Files\Java\jdk-23\bin\java.exe
0x00007ffe31300000 - 0x00007ffe31566000 	C:\WINDOWS\SYSTEM32\ntdll.dll
0x00007ffe30800000 - 0x00007ffe308c9000 	C:\WINDOWS\System32\KERNEL32.DLL
0x00007ffe2e9e0000 - 0x00007ffe2edde000 	C:\WINDOWS\System32\KERNELBASE.dll
0x00007ffe2e550000 - 0x00007ffe2e69c000 	C:\WINDOWS\System32\ucrtbase.dll
0x00007ffe27c80000 - 0x00007ffe27c97000 	C:\Program Files\Java\jdk-23\bin\jli.dll
0x00007ffe25560000 - 0x00007ffe2557b000 	C:\Program Files\Java\jdk-23\bin\VCRUNTIME140.dll
0x00007ffe2fff0000 - 0x00007ffe301b7000 	C:\WINDOWS\System32\USER32.dll
0x00007ffe2e520000 - 0x00007ffe2e547000 	C:\WINDOWS\System32\win32u.dll
0x00007ffe31150000 - 0x00007ffe3117b000 	C:\WINDOWS\System32\GDI32.dll
0x00007ffe2e6b0000 - 0x00007ffe2e7da000 	C:\WINDOWS\System32\gdi32full.dll
0x00007ffe2e930000 - 0x00007ffe2e9d3000 	C:\WINDOWS\System32\msvcp_win.dll
0x00007ffe13390000 - 0x00007ffe13622000 	C:\WINDOWS\WinSxS\amd64_microsoft.windows.common-controls_6595b64144ccf1df_6.0.26100.8894_none_3e0f749ee32e02ea\COMCTL32.dll
0x00007ffe301d0000 - 0x00007ffe30279000 	C:\WINDOWS\System32\msvcrt.dll
0x00007ffe308d0000 - 0x00007ffe30902000 	C:\WINDOWS\System32\IMM32.DLL
0x00007ffe253b0000 - 0x00007ffe253bc000 	C:\Program Files\Java\jdk-23\bin\vcruntime140_1.dll
0x00007ffde8a40000 - 0x00007ffde8ace000 	C:\Program Files\Java\jdk-23\bin\msvcp140.dll
0x00007ffd70870000 - 0x00007ffd715c0000 	C:\Program Files\Java\jdk-23\bin\server\jvm.dll
0x00007ffe305e0000 - 0x00007ffe30697000 	C:\WINDOWS\System32\ADVAPI32.dll
0x00007ffe31180000 - 0x00007ffe3122a000 	C:\WINDOWS\System32\sechost.dll
0x00007ffe30d40000 - 0x00007ffe30e58000 	C:\WINDOWS\System32\RPCRT4.dll
0x00007ffe31230000 - 0x00007ffe312b0000 	C:\WINDOWS\System32\WS2_32.dll
0x00007ffe2e3a0000 - 0x00007ffe2e3fe000 	C:\WINDOWS\SYSTEM32\POWRPROF.dll
0x00007ffe18fb0000 - 0x00007ffe18fe6000 	C:\WINDOWS\SYSTEM32\WINMM.dll
0x00007ffe209f0000 - 0x00007ffe209fb000 	C:\WINDOWS\SYSTEM32\VERSION.dll
0x00007ffe2e360000 - 0x00007ffe2e374000 	C:\WINDOWS\SYSTEM32\UMPDC.dll
0x00007ffe2d1e0000 - 0x00007ffe2d1fb000 	C:\WINDOWS\SYSTEM32\kernel.appcore.dll
0x00007ffe17910000 - 0x00007ffe1791a000 	C:\Program Files\Java\jdk-23\bin\jimage.dll
0x00007ffe2bae0000 - 0x00007ffe2bd22000 	C:\WINDOWS\SYSTEM32\DBGHELP.DLL
0x00007ffe2fc60000 - 0x00007ffe2ffe3000 	C:\WINDOWS\System32\combase.dll
0x00007ffe30720000 - 0x00007ffe307f9000 	C:\WINDOWS\System32\OLEAUT32.dll
0x00007ffe0f5d0000 - 0x00007ffe0f60b000 	C:\WINDOWS\SYSTEM32\dbgcore.DLL
0x00007ffe2ef70000 - 0x00007ffe2f01c000 	C:\WINDOWS\System32\bcryptPrimitives.dll
0x00007ffe150d0000 - 0x00007ffe150ee000 	C:\Program Files\Java\jdk-23\bin\java.dll
0x00007ffe30fb0000 - 0x00007ffe31149000 	C:\WINDOWS\System32\ole32.dll
0x00007ffe2f030000 - 0x00007ffe2f7c2000 	C:\WINDOWS\System32\SHELL32.dll
0x00007ffe2bfa0000 - 0x00007ffe2c832000 	C:\WINDOWS\SYSTEM32\windows.storage.dll
0x00007ffe30280000 - 0x00007ffe30377000 	C:\WINDOWS\System32\SHCORE.dll
0x00007ffe30e60000 - 0x00007ffe30ec7000 	C:\WINDOWS\System32\shlwapi.dll
0x00007ffe2e440000 - 0x00007ffe2e469000 	C:\WINDOWS\SYSTEM32\profapi.dll
0x00007ffddeb30000 - 0x00007ffddec07000 	C:\Program Files\Java\jdk-23\bin\jsvml.dll
0x00007ffe17900000 - 0x00007ffe17910000 	C:\Program Files\Java\jdk-23\bin\net.dll
0x00007ffe2d7b0000 - 0x00007ffe2d81c000 	C:\WINDOWS\system32\mswsock.dll
0x00007ffe0d3e0000 - 0x00007ffe0d3f6000 	C:\Program Files\Java\jdk-23\bin\nio.dll
0x00007ffe051e0000 - 0x00007ffe051f7000 	C:\Program Files\Java\jdk-23\bin\zip.dll
0x00007ffe051b0000 - 0x00007ffe051d4000 	C:\Program Files\Maven\lib\jansi-native\Windows\x86_64\jansi.dll
0x00007ffe13310000 - 0x00007ffe13320000 	C:\Program Files\Java\jdk-23\bin\verify.dll

dbghelp: loaded successfully - version: 4.0.5 - missing functions: none
symbol engine: initialized successfully - sym options: 0x614 - pdb path: .;C:\Program Files\Java\jdk-23\bin;C:\WINDOWS\SYSTEM32;C:\WINDOWS\WinSxS\amd64_microsoft.windows.common-controls_6595b64144ccf1df_6.0.26100.8894_none_3e0f749ee32e02ea;C:\Program Files\Java\jdk-23\bin\server;C:\Program Files\Maven\lib\jansi-native\Windows\x86_64

VM Arguments:
jvm_args: --enable-native-access=ALL-UNNAMED -Dclassworlds.conf=C:\Program Files\Maven\bin\m2.conf -Dmaven.home=C:\Program Files\Maven -Dlibrary.jansi.path=C:\Program Files\Maven\lib\jansi-native -Dmaven.multiModuleProjectDirectory=D:\Rishi\gridweaver_project\backend 
java_command: org.codehaus.plexus.classworlds.launcher.Launcher spring-boot:run
java_class_path (initial): C:\Program Files\Maven\boot\plexus-classworlds-2.11.0.jar
Launcher Type: SUN_STANDARD

[Global flags]
     intx CICompilerCount                          = 3                                         {product} {ergonomic}
     uint ConcGCThreads                            = 1                                         {product} {ergonomic}
     uint G1ConcRefinementThreads                  = 4                                         {product} {ergonomic}
   size_t G1HeapRegionSize                         = 1048576                                   {product} {ergonomic}
   size_t InitialHeapSize                          = 62914560                                  {product} {ergonomic}
   size_t MarkStackSize                            = 4194304                                   {product} {ergonomic}
   size_t MarkStackSizeMax                         = 536870912                                 {product} {ergonomic}
   size_t MaxHeapSize                              = 991952896                                 {product} {ergonomic}
   size_t MaxNewSize                               = 594542592                                 {product} {ergonomic}
   size_t MinHeapDeltaBytes                        = 1048576                                   {product} {ergonomic}
   size_t MinHeapSize                              = 8388608                                   {product} {ergonomic}
    uintx NonNMethodCodeHeapSize                   = 5832704                                {pd product} {ergonomic}
    uintx NonProfiledCodeHeapSize                  = 122945536                              {pd product} {ergonomic}
    uintx ProfiledCodeHeapSize                     = 122880000                              {pd product} {ergonomic}
    uintx ReservedCodeCacheSize                    = 251658240                              {pd product} {ergonomic}
     bool SegmentedCodeCache                       = true                                      {product} {ergonomic}
   size_t SoftMaxHeapSize                          = 991952896                              {manageable} {ergonomic}
     bool UseCompressedOops                        = true                           {product lp64_product} {ergonomic}
     bool UseG1GC                                  = true                                      {product} {ergonomic}
     bool UseLargePagesIndividualAllocation        = false                                  {pd product} {ergonomic}

Logging:
Log output configuration:
 #0: stdout all=warning uptime,level,tags foldmultilines=false
 #1: stderr all=off uptime,level,tags foldmultilines=false

Environment Variables:
JAVA_HOME=C:\Program Files\Java\jdk-23
PATH=C:\Users\HP\AppData\Local\Programs\Python\Python313\Scripts\;C:\Users\HP\AppData\Local\Programs\Python\Python313\;C:\Program Files\Common Files\Oracle\Java\javapath;C:\WINDOWS\system32;C:\WINDOWS;C:\WINDOWS\System32\Wbem;C:\WINDOWS\System32\WindowsPowerShell\v1.0\;C:\WINDOWS\System32\OpenSSH\;C:\Program Files (x86)\Nmap;C:\Program Files\Java\jdk-23\bin;C:\Program Files\nodejs\;C:\ProgramData\chocolatey\bin;C:\Program Files\Java\jdk1.8.0_131\bin;C:\Program Files\Git\cmd;C:\Program Files\Maven\bin;;C:\Program Files\Docker\Docker\resources\bin;C:\Program Files\MySQL\MySQL Shell 8.0\bin\;C:\Users\HP\AppData\Local\Microsoft\WindowsApps;C:\Users\HP\AppData\Local\Microsoft\WindowsApps;C:\Users\HP\AppData\Local\Programs\Microsoft VS Code\bin;C:\msys64\ucrt64\bin;C:\Users\HP\AppData\Roaming\npm;C:\apache-tomcat-10.1.47\bin
USERNAME=HP
OS=Windows_NT
PROCESSOR_IDENTIFIER=Intel64 Family 6 Model 126 Stepping 5, GenuineIntel
TMP=C:\Users\HP\AppData\Local\Temp
TEMP=C:\Users\HP\AppData\Local\Temp




Periodic native trim disabled

---------------  S Y S T E M  ---------------

OS:
 Windows 11 , 64 bit Build 26100 (10.0.26100.8875)
OS uptime: 2 days 7:44 hours
Hyper-V role detected

CPU: total 4 (initial active 4) (2 cores per cpu, 2 threads per core) family 6 model 126 stepping 5 microcode 0xbc, cx8, cmov, fxsr, ht, mmx, 3dnowpref, sse, sse2, sse3, ssse3, sse4.1, sse4.2, popcnt, lzcnt, tsc, tscinvbit, avx, avx2, aes, erms, clmul, bmi1, bmi2, adx, avx512f, avx512dq, avx512cd, avx512bw, avx512vl, sha, fma, vzeroupper, avx512_vpopcntdq, avx512_vpclmulqdq, avx512_vaes, avx512_vnni, clflush, clflushopt, avx512_vbmi2, avx512_vbmi, hv, rdtscp, rdpid, fsrm, gfni, avx512_bitalg, f16c, avx512_ifma
Processor Information for the first 4 processors :
  Max Mhz: 1201, Current Mhz: 1201, Mhz Limit: 1201

Memory: 4k page, system-wide physical 3780M (230M free)
TotalPageFile size 15556M (AvailPageFile size 6M)
current process WorkingSet (physical memory assigned to process): 103M, peak: 103M
current process commit charge ("private bytes"): 160M, peak: 161M

vm_info: Java HotSpot(TM) 64-Bit Server VM (23.0.2+7-58) for windows-amd64 JRE (23.0.2+7-58), built on 2024-11-29T09:34:55Z with MS VC++ 17.6 (VS2022)

END.
